; historical from hector_ceds CMIP7 release (CEDS v2025_03_18),,,,,,,,,,,,,,,,,,,,,,,,,,,,,,,,,,,,,,,,,,
; commit 59a4b009229a84e,,,,,,,,,,,,,,,,,,,,,,,,,,,,,,,,,,,,,,,,,,
; there should be no emissions after emissions-switch-year otherwise hector will get a mix of these input emissions and gcam's emissions ,,,,,,,,,,,,,,,,,,,,,,,,,,,,,,,,,,,,,,,,,,
; date Thu Mar 27 12:03:55 2025,,,,,,,,,,,,,,,,,,,,,,,,,,,,,,,,,,,,,,,,,,
; UNITS:, Tg, Gg, Gg, Gg, Gg, Gg, Gg, Gg, Gg, Gg, Gg, Gg, Tg CH4, Tg CO, Gg, Gg, Gg, Gg, Gg, Gg, Gg, Gg, Gg, Gg, NA, Gg, Tg N, Tg, Tg NMVOC, Tg N, Tg, W/m2, Gg, Gg S, W/m2, Pg C/yr, Pg C/yr, Gg, Gg, Gg, Pg C/yr, Pg C/yr
Date,BC_emissions,C2F6_emissions,CCl4_emissions,CF4_emissions,CFC113_emissions,CFC114_emissions,CFC115_emissions,CFC11_emissions,CFC12_emissions,CH3Br_emissions,CH3CCl3_emissions,CH3Cl_emissions,CH4_emissions,CO_emissions,HCFC141b_emissions,HCFC142b_emissions,HCFC22_emissions,HFC125_emissions,HFC134a_emissions,HFC143a_emissions,HFC227ea_emissions,HFC23_emissions,HFC245fa_emissions,HFC32_emissions,HFC365_emissions,HFC4310_emissions,N2O_emissions,NH3_emissions,NMVOC_emissions,NOX_emissions,OC_emissions,RF_albedo,SF6_emissions,SO2_emissions,SV,daccs_uptake,ffi_emissions,halon1211_emissions,halon1301_emissions,halon2402_emissions,luc_emissions,luc_uptake
1745,2.117664332,0,0.024856862,0.010071225,0,0,0,0,0,105.08773,0,4275.7449,26.9731522,348.4069933,0,0,0,0,0,0,0,0,0,0,0,0,0.647022492,6.746898436,60.84924986,3.873964292,16.00014167,0,0,1175.241177,0.185745674,0,0.002382157,0.007723273,0,0,0.081175867,0
1746,2.117664332,0,0.024856862,0.010071225,0,0,0,0,0,105.08773,0,4275.7449,26.9731522,348.4069933,0,0,0,0,0,0,0,0,0,0,0,0,0.647022492,6.746898436,60.84924986,3.873964292,16.00014167,0,0,1175.241177,0.185745674,0,0.002382157,0.007723273,0,0,0.081175867,0
1747,2.117664332,0,0.024856862,0.010071225,0,0,0,0,0,105.08773,0,4275.7449,26.9731522,348.4069933,0,0,0,0,0,0,0,0,0,0,0,0,0.647022492,6.746898436,60.84924986,3.873964292,16.00014167,0,0,1175.241177,0.185745674,0,0.002382157,0.007723273,0,0,0.081175867,0
1748,2.117664332,0,0.024856862,0.010071225,0,0,0,0,0,105.08773,0,4275.7449,26.9731522,348.4069933,0,0,0,0,0,0,0,0,0,0,0,0,0.647022492,6.746898436,60.84924986,3.873964292,16.00014167,0,0,1175.241177,0.185745674,0,0.002382157,0.007723273,0,0,0.081175867,0
1749,2.117664332,0,0.024856862,0.010071225,0,0,0,0,0,105.08773,0,4275.7449,26.9731522,348.4069933,0,0,0,0,0,0,0,0,0,0,0,0,0.647022492,6.746898436,60.84924986,3.873964292,16.00014167,0,0,1175.241177,0.185745674,0,0.002382157,0.007723273,0,0,0.081175867,0
1750,2.117664332,0,0.024856862,0.010071225,0,0,0,0,0,105.08773,0,4275.7449,26.9731522,348.4069933,0,0,0,0,0,0,0,0,0,0,0,0,0.647022492,6.746898436,60.84924986,3.873964292,16.00014167,0,0,1175.241177,0.185745674,0,0.002382157,0.007723273,0,0,0.081175867,0
1751,2.093305672,0,0.024856862,0.010071225,0,0,0,0,0,105.1072,0,4276.7685,26.80575461,343.8054221,0,0,0,0,0,0,0,0,0,0,0,0,0.639795307,6.678517827,59.91834937,3.830448434,15.74282774,-2.29E-04,0,1158.148445,0.185756746,0,0.002382157,0.007723273,0,0,0.08266927,0
1752,2.08517765,0,0.024856862,0.010071225,0,0,0,0,0,105.12502,0,4277.7049,26.71610421,341.6875487,0,0,0,0,0,0,0,0,0,0,0,0,0.636643224,6.637026408,59.46503187,3.831041272,15.59021722,-4.59E-04,0,1151.653139,0.185760472,0,0.002383091,0.007723273,0,0,0.084190146,0
1753,2.093301567,0,0.024856862,0.010071225,0,0,0,0,0,105.10373,0,4276.586,26.88191779,343.5533818,0,0,0,0,0,0,0,0,0,0,0,0,0.639068222,6.698151022,59.86218173,3.814456881,15.73990734,-6.88E-04,0,1157.732986,0.185761717,0,0.002383091,0.007723273,0,0,0.085739002,0
1754,2.121186237,0,0.024856862,0.010071225,0,0,0,0,0,105.07356,0,4274.9998,27.20217871,349.6930532,0,0,0,0,0,0,0,0,0,0,0,0,0.651028741,6.831072196,61.10859801,3.843988355,16.11775042,-9.18E-04,0,1182.673599,0.185762136,0,0.002384024,0.007723273,0,0,0.087316353,0
1755,2.121494522,0,0.024856862,0.010071225,0,0,0,0,0,105.09182,0,4275.9598,27.12452953,348.0215783,0,0,0,0,0,0,0,0,0,0,0,0,0.647222739,6.759042637,60.66640297,3.883304139,15.91876628,-0.001147286,0,1172.60812,0.16149051,0,0.002384958,0.007723273,0,0,0.088922722,0
1756,2.091691897,0,0.024856862,0.010071225,0,0,0,0,0,105.08556,0,4275.6306,27.01950749,343.1969379,0,0,0,0,0,0,0,0,0,0,0,0,0.638059179,6.736931182,59.7913155,3.776793033,15.75791806,-0.001376744,0,1159.565283,-0.064139904,0,0.002549244,0.007723273,0,0,0.090558644,0
1757,2.171183681,0,0.024856862,0.010071225,0,0,0,0,0,105.09137,0,4275.9361,27.5081579,355.8150738,0,0,0,0,0,0,0,0,0,0,0,0,0.659764435,6.861063912,62.11097864,3.995076478,16.26854817,-0.001606201,0,1202.991975,0.06548149,0,0.002550178,0.007723273,0,0,0.092224663,0
1758,2.144354822,0,0.024856862,0.010071225,0,0,0,0,0,105.09662,0,4276.2118,27.34458311,351.7123692,0,0,0,0,0,0,0,0,0,0,0,0,0.655768374,6.808020975,61.28470646,3.948243213,16.07992124,-0.001835658,0,1190.598472,0.143706674,0,0.002551111,0.007723273,0,0,0.093921331,0
1759,2.141494092,0,0.024856862,0.010071225,0,0,0,0,0,105.08372,0,4275.5338,27.47629477,351.3798572,0,0,0,0,0,0,0,0,0,0,0,0,0.651831787,6.857692088,61.29817278,3.879187435,16.14089641,-0.002065115,0,1186.126508,0.171560264,0,0.002552045,0.007723273,0,0,0.095649213,0
1760,2.152513558,0,0.024856862,0.010071225,0,0,0,0,0,105.04022,0,4273.2473,27.67411897,354.2898381,0,0,0,0,0,0,0,0,0,0,0,0,0.657186594,6.93895458,61.90744272,3.867048707,16.38751129,-0.002294573,0,1198.855601,0.180988301,0,0.002552045,0.007723273,0,0,0.097408883,0
1761,2.163015306,0,0.024856862,0.010071225,0,0,0,0,0,105.09143,0,4275.9395,27.63823137,354.575132,0,0,0,0,0,0,0,0,0,0,0,0,0.658614094,6.890948389,61.8429543,3.94440501,16.26204516,-0.00252403,0,1203.667018,0.184158544,0,0.002795674,0.007723273,0,0,0.099200926,0
1762,2.127597498,0,0.024856862,0.010071225,0,0,0,0,0,105.08127,0,4275.4052,27.55173731,349.1162511,0,0,0,0,0,0,8.32E-08,0,0,1.51E-06,0,0,0.647424105,6.88160418,60.88850292,3.802220087,16.09779467,-0.002753487,0,1182.893667,-0.719878886,0,0.002796608,0.007723273,0,0,0.101025937,0
1763,2.133469739,0,0.024856862,0.010071225,0,0,0,0,0,105.09332,0,4276.0386,27.56122955,349.9252906,0,0,0,0,0,0,6.68E-07,0,0,1.24E-05,0,0,0.650933293,6.876118496,60.99116883,3.842757037,16.10034374,-0.002982944,0,1188.799093,-0.439960121,0,0.002797541,0.007723273,0,0,0.102884523,0
1764,2.098579383,0,0.024856862,0.010071225,0,0,0,0,0,105.1104,0,4276.9364,27.19113443,341.9099896,0,0,0,0,0,0,1.27E-06,0,0,2.50E-05,0,0,0.637595389,6.705961692,59.30515312,3.825605408,15.53399417,-0.003212402,0,1156.508453,-0.039047325,0,0.002798475,0.007723273,0,0,0.104777302,0
1765,2.151219518,0,0.024856862,0.010071225,0,0,0,0,0,105.07293,0,4274.9668,27.76167727,352.7974891,0,0,0,0,0,0,1.39E-06,0,0,3.03E-05,0,0,0.655761943,6.918678221,61.49893924,3.874751308,16.25692362,-0.003441859,0,1197.804167,0.109581666,0,0.002799408,0.007723273,0,0,0.106704903,0
1766,2.138611574,0,0.024856862,0.010071225,0,0,0,0,0,105.07758,0,4275.2111,27.61362325,349.2397442,0,0,0,0,0,0,1.42E-06,0,0,3.44E-05,0,0,0.649946508,6.841666448,60.73138759,3.881448203,15.93745164,-0.003671316,0,1187.887647,-0.178487527,0,0.003123314,0.007723273,0,0,0.108667966,0
1767,2.141200586,0,0.024856862,0.010071225,0,0,0,0,0,105.08566,0,4275.6359,27.66771795,349.4745846,0,0,0,0,0,0,1.46E-06,0,0,3.84E-05,0,0,0.649685234,6.849833675,60.76631752,3.877065781,15.98087288,-0.003900773,0,1189.058745,-0.230039677,0,0.003124248,0.007723273,0,0,0.110667143,0
1768,2.212459856,0,0.024856862,0.010071225,0,0,0,0,0,105.04673,0,4273.5893,28.23456005,362.5115867,0,0,0,0,0,0,1.49E-06,0,0,4.25E-05,0,0,0.673486231,7.027151522,63.24380999,4.035589245,16.64571844,-0.004130231,0,1236.521943,0.029544124,0,0.003125181,0.007723273,0,0,0.1127031,0
1769,2.167548457,0,0.024856862,0.010071225,0,0,0,0,0,105.0767,0,4275.165,27.97604306,354.8826696,0,0,0,0,0,0,1.53E-06,0,0,4.65E-05,0,0,0.660401243,6.960479259,61.8310681,3.911197512,16.31875248,-0.004359688,0,1212.946125,0.132534616,0,0.003126115,0.007723273,0,0,0.114776512,0
1770,2.169866572,0,0.024856862,0.010071225,0,0,0,0,0,105.04544,0,4273.5216,28.01671682,355.2172606,0,0,0,0,0,0,1.57E-06,0,0,5.06E-05,0,0,0.661772687,6.957678286,61.84939492,3.923695684,16.3280368,-0.004589145,0,1213.955748,0.036362348,0,0.003127048,0.007723273,0,0,0.116888069,0
1771,2.132077077,0,0.024856862,0.010071225,0,0,0,0,0,105.07227,0,4274.9318,27.78125425,347.7126042,0,0,0,0,0,0,1.60E-06,0,0,5.47E-05,0,0,0.649284665,6.871108684,60.31412318,3.839756167,15.90927117,-0.004818602,0,1190.634995,0.088893036,0,0.003467756,0.007723273,0,0,0.119038473,0
1772,2.118970122,0,0.024856862,0.010071225,0,0,0,0,0,105.08887,0,4275.8046,27.70745161,344.4634618,0,0,0,0,0,0,1.64E-06,0,0,5.87E-05,0,0,0.643657159,6.845319921,59.62091693,3.809530493,15.70352112,-0.00504806,0,1178.299002,0.151100522,0,0.00346869,0.007723273,0,0,0.121228438,0
1773,2.125372315,0,0.024856862,0.010071225,0,0,0,0,0,105.06952,0,4274.7874,27.86648103,345.6261279,0,0,0,0,0,0,1.67E-06,0,0,6.28E-05,0,0,0.645546879,6.906791299,59.81860552,3.792279362,15.79603492,-0.005277517,0,1181.210422,0.174022557,0,0.003469623,0.007723273,0,0,0.123458692,0
1774,2.18824145,0,0.024856862,0.010071225,0,0,0,0,0,105.0265,0,4272.5262,28.48725972,357.9523286,0,0,0,0,0,0,1.71E-06,0,0,6.68E-05,0,0,0.668765573,7.150188761,62.22148654,3.888630525,16.46899058,-0.005506974,0,1227.090222,0.181814436,0,0.003470557,0.007723273,0,0,0.125729977,0
1775,2.18306038,0,0.024856862,0.010071225,0,0,0,0,0,105.05246,0,4273.8905,28.38267104,354.8953212,0,0,0,0,0,0,1.75E-06,0,0,7.09E-05,0,0,0.662914537,7.072331343,61.45504705,3.914614708,16.18454921,-0.005736431,0,1211.515714,0.184436008,0,0.00347149,0.007723273,0,0,0.128043046,0
1776,2.146865285,0,0.024856862,0.010071225,0,0,0,0,0,105.03944,0,4273.2061,28.28349125,348.7402524,0,0,0,0,0,0,1.78E-06,0,0,7.49E-05,0,0,0.651222566,7.064345784,60.30190205,3.773986558,15.9674103,-0.005965889,0,1196.809537,0.185316816,0,0.003830867,0.007723273,0,0,0.13039867,0
1777,2.205687903,0,0.024856862,0.010071225,0,0,0,0,0,105.05273,0,4273.9048,28.66002963,357.3863784,0,0,0,0,0,0,1.82E-06,0,0,7.90E-05,0,0,0.665965758,7.159047149,61.82031933,3.934470977,16.27278554,-0.006195346,0,1224.562788,0.185612686,0,0.003831801,0.007723273,0,0,0.132797629,0
1778,2.234164996,0,0.024856862,0.010071225,0,0,0,0,0,105.04465,0,4273.48,28.89493638,362.5957908,0,0,0,0,0,0,1.85E-06,0,0,8.30E-05,0,0,0.678704974,7.23787764,62.71639694,4.017553543,16.50077054,-0.006424803,0,1244.468368,0.185712075,0,0.003832734,0.007723273,0,0,0.135240723,0
1779,2.196499222,0,0.024856862,0.010071225,0,0,0,0,0,105.03691,0,4273.0734,28.80476028,355.7659322,0,0,0,0,0,0,1.89E-06,0,0,8.71E-05,0,0,0.663638531,7.22224349,61.43981044,3.862108733,16.23074946,-0.00665426,0,1216.733114,0.185745465,0,0.003833668,0.007723273,0,0,0.137728763,0
1780,2.224161022,0,0.024856862,0.010071225,0,0,0,0,0,104.98817,0,4270.511,29.17341982,361.4454868,0,0,0,0,0,0,1.92E-06,0,0,9.10E-05,0,0,0.673533411,7.373097096,62.56369447,3.867629519,16.61912447,-0.006883718,0,1238.292286,0.185756681,0,0.003854862,0.007723273,0,0,0.140262576,0
1781,2.225251242,0,0.024856862,0.010071225,0,0,0,0,0,105.04236,0,4273.3596,29.08546087,359.9137155,0,0,0,0,0,0,1.96E-06,0,0,9.52E-05,0,0,0.67160153,7.308625502,62.14332004,3.917192023,16.41012077,-0.007113175,0,1240.654767,0.185760451,0,0.004309676,0.007723273,0,0,0.142843003,0
1782,2.197156176,0,0.024856862,0.010071225,0,0,0,0,0,105.03125,0,4272.7759,29.07378824,355.8693088,0,0,0,0,0,0,2.00E-06,0,0,9.92E-05,0,0,0.663352715,7.321653016,61.44005436,3.790288071,16.31822276,-0.007342632,0,1224.387966,0.185761713,0,0.004311132,0.007723273,0,0,0.145470903,0
1783,2.188181372,0,0.024856862,0.010071225,0,0,0,0,0,105.0436,0,4273.4248,29.0057988,354.1087724,0,0,0,0,0,0,2.03E-06,0,0,1.03E-04,0,0,0.662176412,7.29744534,61.0603696,3.785170191,16.21488515,-0.007572089,0,1222.467043,-1.607111309,0,0.00431352,0.007723273,0,0,0.148147149,0
1784,2.178967062,0,0.024856862,0.010071225,0,0,0,0,0,105.05531,0,4274.0405,28.81132127,350.3908866,0,0,0,0,0,0,2.07E-06,0,0,1.07E-04,0,0,0.656508468,7.181556088,60.17524157,3.83177302,15.83822436,-0.007801547,0,1204.951213,-3.487549643,0,0.004313922,0.007723273,0,0,0.150872629,0
1785,2.204985714,0,0.024856862,0.010071225,0,0,0,0,0,105.02817,0,4272.6136,29.20835458,356.6252649,0,0,0,0,0,0,2.10E-06,0,0,1.11E-04,0,0,0.666943137,7.337738345,61.46178049,3.81804474,16.34482993,-0.008031004,0,1230.593754,-1.322721197,0,0.00431809,0.007723273,0,0,0.153648251,0
1786,2.198472591,0,0.024856862,0.010071225,0,0,0,0,0,105.02684,0,4272.5442,29.13743499,354.0154306,0,0,0,0,0,0,2.14E-06,0,0,1.15E-04,0,0,0.662029106,7.289844638,60.88707155,3.82270335,16.08120688,-0.008260461,0,1228.045934,-0.487257524,0,0.004900675,0.007723273,0,0,0.156474937,0
1787,2.225810876,0,0.024856862,0.010071225,0,0,0,0,0,105.03415,0,4272.9283,29.36590172,358.602054,0,0,0,0,0,0,2.18E-06,0,0,1.19E-04,0,0,0.670113252,7.353119886,61.73006685,3.881476882,16.32660081,-0.008489918,0,1245.165159,-0.096137761,0,0.004902887,0.007723273,0,0,0.159353625,0
1788,2.296721517,0,0.024856862,0.010071225,0,0,0,0,0,104.9922,0,4270.7227,29.92666453,371.159601,0,0,0,0,0,0,2.21E-06,0,0,1.23E-04,0,0,0.692868455,7.528071391,64.10545629,4.034909803,16.96187458,-0.008719376,0,1289.063662,0.088531065,0,0.00490399,0.007723273,0,0,0.162285272,0
1789,2.250100952,0,0.024856862,0.010071225,0,0,0,0,0,105.0242,0,4272.405,29.66656809,363.2429595,0,0,0,0,0,0,2.25E-06,0,0,1.28E-04,0,0,0.679798704,7.459840816,62.61774067,3.907466055,16.62128935,-0.008948833,0,1264.020325,0.152985893,0,0.004905501,0.007723273,0,0,0.165270854,0
1790,2.259639431,0,0.024856862,0.010071225,0,0,0,0,0,104.99139,0,4270.6805,29.76783946,364.6799705,0,0,0,0,0,0,2.28E-06,0,0,1.32E-04,0,0,0.68294818,7.475769464,62.83578831,3.933565578,16.67969095,-0.00917829,0,1268.691953,0.174747138,0,0.004908239,0.007723273,0,0,0.168311362,0
1791,2.217221676,0,0.024856862,0.010071225,0,0,0,0,0,105.02128,0,4272.2515,29.4696091,356.4467359,0,0,0,0,0,0,2.32E-06,0,0,1.36E-04,0,0,0.668701228,7.351059421,61.2117291,3.844486486,16.24196355,-0.009407747,0,1248.120086,0.182061991,0,0.005481079,0.007723273,0,0,0.171407806,0
1792,2.208491886,0,0.024856862,0.010071225,0,0,0,0,0,105.04466,0,4273.4807,29.36194848,354.0415182,0,0,0,0,0,0,2.36E-06,0,0,1.40E-04,0,0,0.665138624,7.291883935,60.70108989,3.848514633,16.07598979,-0.009637205,0,1244.141027,0.184519353,0,0.005595057,0.007723273,0,0,0.174561216,0
1793,2.201547022,0,0.024856862,0.010071225,0,0,0,0,0,105.02605,0,4272.5025,29.42222092,353.1600551,0,0,0,0,0,0,2.39E-06,0,0,1.44E-04,0,0,0.662518335,7.309466018,60.58279715,3.794480377,16.10981274,-0.009866662,0,1240.893449,0.185344816,0,0.005601888,0.007723273,0,0,0.17777264,0
1794,2.263956765,0,0.024856862,0.010071225,0,0,0,0,0,104.98417,0,4270.301,30.00287786,365.5085441,0,0,0,0,0,0,2.43E-06,0,0,1.48E-04,0,0,0.685314014,7.521501021,63.03855834,3.89832802,16.80028061,-0.010096119,0,1287.495771,0.1856221,0,0.005593137,0.007723273,0,0,0.181043144,0
1795,2.254426443,0,0.024856862,0.010071225,0,0,0,0,0,105.01093,0,4271.7076,29.85067159,361.9771326,0,0,0,0,0,0,2.46E-06,0,0,1.52E-04,0,0,0.678133974,7.414754396,62.2455367,3.915448967,16.52096585,-0.010325576,0,1271.032878,0.185715243,0,0.005596771,0.007723273,0,0,0.184373817,0
1796,2.206888304,0,0.024856862,0.010071225,0,0,0,0,0,104.99978,0,4271.1214,29.66267717,354.259012,0,0,0,0,0,0,2.50E-06,0,0,1.56E-04,0,0,0.663228248,7.369061747,60.86980923,3.745945351,16.26965466,-0.010555034,0,1250.0525,0.056138903,0,0.005863576,0.007723273,0,0,0.187765764,0
1797,2.268722835,0,0.024856862,0.010071225,0,0,0,0,0,105.01623,0,4271.986,29.99467315,363.3219726,0,0,0,0,0,0,2.54E-06,0,0,1.60E-04,0,0,0.679026278,7.422115213,62.47977325,3.937314869,16.58257444,-0.010784491,0,1285.778676,-0.042794853,0,0.006155888,0.007723273,0,0,0.191220113,0
1798,2.290798537,0,0.024856862,0.010070485,0,0,0,0,0,105.0081,0,4271.559,30.14980096,367.4175191,0,0,0,0,0,0,2.57E-06,0,0,1.64E-04,0,0,0.689257263,7.455447011,63.20882162,4.012045813,16.77318893,-0.011013948,0,1307.802587,0.057545268,0,0.006411863,0.007723273,0,0,0.194738012,0
1799,2.265318688,0,0.024856862,0.010071964,0,0,0,0,0,104.99068,0,4270.6431,30.14742686,363.2453758,0,0,0,0,0,0,2.61E-06,0,0,1.68E-04,0,0,0.678623358,7.457508252,62.51030411,3.879256084,16.68610108,-0.011243405,0,1295.381234,0.140354145,0,0.00675393,0.007723273,0,0,0.198320631,0
1800,2.275481431,0,0.024856862,0.010071225,0,0,0,0,0,104.95838,0,4268.9449,30.33226884,365.5937466,0,0,0,0,0,0,2.64E-06,0,0,1.72E-04,0,0,0.682407758,7.522309592,63.01933327,3.863812037,16.89324533,-0.011477677,0,1313.672419,0.170402887,0,0.007188102,0.007723273,0,0,0.201969159,0
1801,2.281156556,0,0.024856862,0.010071225,0,0,0,0,0,105.01099,0,4271.7107,30.29299922,364.6657322,0,0,0,0,0,0,2.68E-06,0,0,1.76E-04,0,0,0.682108318,7.481376151,62.68850711,3.918297683,16.71955026,-0.011716461,0,1309.291222,0.180598096,0,0.007194087,0.007723273,0,0,0.20568481,0
1802,2.267240948,0,0.024856862,0.010071225,0,0,0,0,0,104.99468,0,4270.8532,30.42479494,362.7044258,0,0,0,0,0,0,2.72E-06,0,0,1.80E-04,0,0,0.678053855,7.541752942,62.3545199,3.811350872,16.73710357,-0.011955246,0,1320.220941,0.184027398,0,0.009256734,0.007723273,0,0,0.209468818,0
1803,2.246640354,0,0.024856862,0.010071225,0,0,0,0,0,105.0108,0,4271.7009,30.28353599,358.3813666,0,0,0,0,0,0,2.75E-06,0,0,1.84E-04,0,0,0.672406506,7.498043055,61.44110119,3.770418665,16.49673919,-0.012194031,0,1303.515601,0.185179556,0,0.008132343,0.007723273,0,0,0.213322441,0
1804,2.266555166,0,0.024856862,0.010071225,0,0,0,0,0,105.0121,0,4271.7691,30.32689283,359.2764263,0,0,0,0,0,0,2.79E-06,0,0,1.88E-04,0,0,0.674798088,7.462750495,61.4075641,3.867662475,16.3467914,-0.012432815,0,1308.343121,0.185566583,0,0.008804764,0.007723273,0,0,0.21724696,0
1805,2.286475331,0,0.024856862,0.010071225,0,0,0,0,0,104.98963,0,4270.588,30.68569057,364.0289491,0,0,0,0,0,0,2.82E-06,0,0,1.92E-04,0,0,0.683248868,7.60929713,62.36922197,3.840000345,16.76916667,-0.0126716,0,1330.620114,0.185696593,0,0.008611477,0.007723273,0,0,0.221243678,0
1806,2.29654611,0,0.024856862,0.010071225,0,0,0,0,0,104.98239,0,4270.2074,30.75493399,364.0583937,0,0,0,0,0,0,2.86E-06,0,0,1.96E-04,0,0,0.683344563,7.616138537,62.27988601,3.873727714,16.63121324,-0.012910385,0,1334.372407,0.185740259,0,0.009054211,0.007723273,0,0,0.225313924,0
1807,2.315787746,0,0.024856862,0.010071225,0,0,0,0,0,104.99423,0,4270.8298,30.95757504,366.9330911,0,0,0,0,0,0,2.90E-06,0,0,2.00E-04,0,0,0.688860812,7.677269796,62.76697711,3.902111214,16.80088363,-0.01314917,0,1350.804958,0.185754929,0,0.009392067,0.007723273,0,0,0.229459052,0
1808,2.390298854,0,0.024856862,0.010071225,0,0,0,0,0,104.95199,0,4268.6094,31.54827665,379.7471002,0,0,0,0,0,0,2.93E-06,0,0,2.04E-04,0,0,0.712455005,7.864825885,65.15102062,4.067251835,17.42061431,-0.013387954,0,1389.953206,0.185759857,0,0.009088124,0.007723273,0,0,0.233680437,0
1809,2.348088816,0,0.024856862,0.010071225,0,0,0,0,0,104.979,0,4270.0292,31.35781829,372.5593034,0,0,0,0,0,0,2.97E-06,0,0,2.08E-04,0,0,0.701356246,7.830727213,63.78527791,3.936940749,17.13372523,-0.013626739,0,1367.454776,-3.365688134,0,0.009093969,0.007723273,0,0,0.237979484,0
1810,2.36288328,0,0.024856862,0.010071225,0,0,0,0,0,104.93988,0,4267.9729,31.5304175,374.4402877,0,0,0,0,0,0,3.00E-06,0,0,2.12E-04,0,0,0.705553935,7.873473031,64.05547483,3.958281234,17.22411217,-0.013865524,0,1375.673839,-2.313830028,0,0.009674599,0.007723273,0,0,0.242357621,0
1811,2.338871404,0,0.024856862,0.010071225,0,0,0,0,0,104.96903,0,4269.505,31.3711116,368.9800931,0,0,0,0,0,0,3.04E-06,0,0,2.17E-04,0,0,0.696780414,7.790676608,62.91803362,3.91549172,16.89463187,-0.014104308,0,1365.355374,-0.712301621,0,0.010251096,0.007723273,0,0,0.246816304,0
1812,2.317705262,0,0.024856862,0.010071225,0,0,0,0,0,104.99029,0,4270.6225,31.23732679,364.287053,0,0,0,0,0,0,3.07E-06,0,0,2.21E-04,0,0,0.689443912,7.726230097,61.95203272,3.872711801,16.64242899,-0.014343093,0,1356.363205,-0.118562997,0,0.010609688,0.007723273,0,0,0.251357013,0
1813,2.324865842,0,0.024856862,0.010071225,0,0,0,0,0,104.97005,0,4269.5589,31.43648959,365.6167206,0,0,0,0,0,0,3.11E-06,0,0,2.25E-04,0,0,0.690845647,7.791386564,62.23648442,3.840828968,16.78555645,-0.014581878,0,1361.916195,0.083415406,0,0.010667731,0.007723273,0,0,0.255981258,0
1814,2.387715589,0,0.024856862,0.010071225,0,0,0,0,0,104.93884,0,4267.9182,32.04697311,377.684094,0,0,0,0,0,0,3.14E-06,0,0,2.29E-04,0,0,0.713827392,8.011081825,64.59821815,3.943626773,17.44794606,-0.014820663,0,1410.394195,0.151377418,0,0.010911726,0.007723273,0,0,0.260690576,0
1815,2.386517978,0,0.024856862,0.010071225,0,0,0,0,0,104.94955,0,4268.4808,31.98317715,375.2751832,0,0,0,0,0,0,3.18E-06,0,0,2.33E-04,0,0,0.709158861,7.931925421,63.98367242,3.974604697,17.22242872,-0.015059447,0,1403.484461,-3.341804901,0,0.011244037,0.007723273,0,0,0.265486531,0
1816,2.363553557,0,0.024856862,0.010071225,0,0,0,0,0,104.93504,0,4267.7184,31.98749931,371.3284721,0,0,0,0,0,0,3.22E-06,0,0,2.37E-04,0,0,0.701517965,7.938568005,63.26334604,3.861194787,17.13626725,-0.015383422,0,1408.107932,-4.328813792,0,0.012176926,0.007723273,0,0,0.270370719,0
1817,2.40166089,0,0.024856862,0.010071225,0,0,0,0,0,104.95336,0,4268.6815,32.21829872,376.1300093,0,0,0,0,0,0,3.25E-06,0,0,2.41E-04,0,0,0.709707902,7.968434009,64.06303969,3.975534751,17.26472236,-0.015754265,0,1428.230687,-1.519519756,0,0.012562031,0.007723273,0,0,0.275344761,0
1818,2.444177585,0,0.024856862,0.010071225,0,0,0,0,0,104.94012,0,4267.9855,32.52867016,383.596947,0,0,0,0,0,0,3.29E-06,0,0,2.45E-04,0,0,0.726953358,8.051724408,65.39470746,4.103565351,17.60422698,-0.016125107,0,1459.782794,-0.39544552,0,0.012624012,0.007723273,0,0,0.280410312,0
1819,2.415943773,0,0.024856862,0.010071225,0,0,0,0,0,104.92235,0,4267.0511,32.50507679,378.0066771,0,0,0,0,0,0,3.32E-06,0,0,2.49E-04,0,0,0.713773004,8.045079096,64.39048519,3.957842138,17.42666153,-0.016495949,0,1436.348538,-0.009852952,0,0.012721477,0.007723273,0,0,0.285569054,0
1820,2.435988888,0,0.024856862,0.010071225,0,0,0,0,0,104.88909,0,4265.3029,32.80966801,382.0912639,0,0,0,0,0,0,3.36E-06,0,0,2.53E-04,0,0,0.721364058,8.155562235,65.21519387,3.952789067,17.73191134,-0.016866791,0,1455.552342,0.120035717,0,0.012912662,0.007723273,0,0,0.290822702,0
1821,2.451848329,0,0.024856862,0.010071225,0,0,0,0,0,104.93899,0,4267.9261,32.88173134,382.5607818,0,0,0,0,0,0,3.40E-06,0,0,2.57E-04,0,0,0.723559781,8.132712021,65.13494025,4.023907452,17.63609842,-0.017237634,0,1461.249693,0.060375173,0,0.013124802,0.007723273,0,0,0.296173002,0
1822,2.424989577,0,0.024856862,0.010071225,0,0,0,0,0,104.92104,0,4266.9822,32.98211173,378.3236378,0,0,0,0,0,0,3.43E-06,0,0,2.61E-04,0,0,0.715222853,8.181174738,64.38413967,3.865256067,17.58108533,-0.017608476,0,1454.71436,0.065432506,0,0.013657546,0.007723273,0,0,0.301621733,0
1823,2.408849052,0,0.024856862,0.010071225,0,0,0,0,0,104.94096,0,4268.0293,32.89131291,374.0090504,0,0,0,0,0,0,3.47E-06,0,0,2.65E-04,0,0,0.710754758,8.125477631,63.42715415,3.840125807,17.32594779,-0.017979318,0,1454.191613,-0.270067719,0,0.014466097,0.007723273,0,0,0.307170704,0
1824,2.441621172,0,0.024856862,0.010071225,0,0,0,0,0,104.93425,0,4267.6765,33.06785596,376.6516816,0,0,0,0,0,0,3.50E-06,0,0,2.69E-04,0,0,0.715554701,8.122950115,63.74049093,3.951377139,17.27344829,-0.018354944,0,1469.121049,-0.029661384,0,0.015060298,0.007723273,0,0,0.31282176,0
1825,2.456759312,0,0.024856862,0.010071225,0,0,0,0,0,104.91652,0,4266.7449,33.41441605,379.906001,0,0,0,0,0,0,3.54E-06,0,0,2.73E-04,0,0,0.722001032,8.240220752,64.37062518,3.913027529,17.61849034,-0.018762871,0,1491.870618,0.110565061,0,0.015565017,0.007723273,0,0,0.318576779,0
1826,2.459033821,0,0.024856862,0.010071225,0,0,0,0,0,104.90841,0,4266.3186,33.49963156,378.4060758,0,0,0,0,0,0,3.57E-06,0,0,2.77E-04,0,0,0.718867746,8.244495383,64.00975102,3.905578969,17.43911812,-0.019170797,0,1486.36861,0.160373955,0,0.015746295,0.007723273,0,0,0.324437675,0
1827,2.487803358,0,0.024856862,0.010071225,0,0,0,0,0,104.91515,0,4266.6729,33.78623384,382.0498007,0,0,0,0,0,0,3.61E-06,0,0,2.81E-04,0,0,0.725932599,8.303577477,64.59330584,3.956559015,17.62578127,-0.019578724,0,1518.679476,0.177228255,0,0.016897517,0.007723273,0,0,0.330406393,0
1828,2.566352631,0,0.024856862,0.010071225,0,0,0,0,0,104.87222,0,4264.4159,34.48428101,395.5467095,0,0,0,0,0,0,3.64E-06,0,0,2.85E-04,0,0,0.75064184,8.516075193,67.11756134,4.110076499,18.31509877,-0.01998665,0,1569.986137,0.182895388,0,0.017085851,0.007723273,0,0,0.336484919,0
1829,2.528694216,0,0.024856862,0.010071225,0,0,0,0,0,104.90025,0,4265.8895,34.34696544,388.7495384,0,0,0,0,0,0,3.68E-06,0,0,2.89E-04,0,0,0.740603692,8.478660236,65.79507433,3.994837762,18.03711382,-0.020394577,0,1551.896904,0.184799294,0,0.017113741,0.007723273,0,0,0.342675273,0
1830,2.555424323,0,0.024856862,0.010071225,0,0,0,0,0,104.8667,0,4264.1256,34.67429916,391.5763472,0,0,0,0,0,0,3.72E-06,0,0,2.93E-04,0,0,0.746396435,8.526962978,66.17373947,4.032130489,18.16377198,-0.020802503,0,1653.124278,0.185438847,0,0.022634676,0.007723273,0,0,0.348979511,0
1831,2.518482988,0,0.024856862,0.010071225,0,0,0,0,0,104.89174,0,4265.442,34.4881161,383.665493,0,0,0,0,0,0,3.75E-06,0,0,2.97E-04,0,0,0.733393487,8.435687322,64.5784852,3.941226575,17.73767655,-0.02121043,0,1610.996431,-2.244740601,0,0.021603592,0.007723273,0,0,0.355399729,0
1832,2.516651033,0,0.024856862,0.010071225,0,0,0,0,0,104.90924,0,4266.362,34.53594314,381.8326189,0,0,0,0,0,0,3.79E-06,0,0,3.01E-04,0,0,0.731452576,8.412634036,64.12205755,3.940913407,17.61114576,-0.021652684,0,1612.303127,-1.498768211,0,0.021929865,0.007723273,0,0,0.36193806,0
1833,2.525410921,0,0.024856862,0.010070485,0,0,0,0,0,104.89175,0,4265.4426,34.8129195,382.9333315,0,0,0,0,0,0,3.82E-06,0,0,3.05E-04,0,0,0.732742794,8.487111044,64.32880196,3.899538166,17.7479331,-0.02214929,0,1624.690443,-0.419484544,0,0.022423673,0.007723273,0,0,0.368596678,0
1834,2.585913484,0,0.024856862,0.010071964,0,0,0,0,0,104.854,0,4263.4584,35.45051458,393.6135619,0,0,0,0,0,0,3.86E-06,0,0,3.09E-04,0,0,0.753808399,8.693600804,66.37400512,3.98324524,18.34828087,-0.022645896,0,1669.438151,-0.019337182,0,0.022960624,0.007723273,0,0,0.375377795,0
1835,2.583590312,0,0.024856862,0.010071225,0,0,0,0,0,104.8698,0,4264.2887,35.4199015,389.9946845,0,0,0,0,0,0,3.90E-06,0,0,3.13E-04,0,0,0.747089125,8.613702322,65.51188116,3.992485981,18.0742311,-0.023142501,0,1665.954744,-1.66336253,0,0.023461848,0.007723273,0,0,0.382283665,0
1836,2.58704151,0,0.024856862,0.010071225,0,0,0,0,0,104.84901,0,4263.1961,35.69688863,389.3699543,0,0,0,0,0,0,3.93E-06,0,0,3.17E-04,0,0,0.744808361,8.677092215,65.36924339,3.911542437,18.14887838,-0.023639107,0,1729.433567,-1.06772528,0,0.027302617,0.007723273,0,0,0.389316584,0
1837,2.628097287,0,0.024856862,0.010071225,0,0,0,0,0,104.86946,0,4264.2707,35.97585571,394.1521014,0,0,0,0,0,0,3.97E-06,0,0,3.21E-04,0,0,0.754306125,8.707109261,66.1187635,4.034021684,18.27791389,-0.024135713,0,1743.745996,-0.264059121,0,0.027363033,0.007723273,0,0,0.396478888,0
1838,2.670537716,0,0.024856862,0.010071225,0,0,0,0,0,104.85548,0,4263.5362,36.36156292,400.6921637,0,0,0,0,0,0,4.00E-06,0,0,3.25E-04,0,0,0.769039025,8.798525962,67.25365596,4.13574021,18.5763946,-0.024632319,0,1785.687633,0.033355019,0,0.028343388,0.007723273,0,0,0.403772957,0
1839,2.650716938,0,0.024856862,0.010071225,0,0,0,0,0,104.83788,0,4262.6108,36.4653151,396.2950052,0,0,0,0,0,0,4.04E-06,0,0,3.29E-04,0,0,0.758649391,8.811533069,66.42677646,4.008992761,18.45012434,-0.025128925,0,1789.012054,0.134507634,0,0.029415536,0.007723273,0,0,0.411201217,0
1840,2.646428016,0,0.024856862,0.010071225,0,0,0,0,0,104.80755,0,4261.0163,36.68818919,395.2203889,0,0,0,0,0,0,4.07E-06,0,0,3.33E-04,0,0,0.756818682,8.879145337,66.24613642,3.916648054,18.5287201,-0.025625531,0,1814.58774,0.168542631,0,0.031081238,0.007723273,0,0,0.418766135,0
1841,2.69995611,0,0.024856862,0.010071225,0,0,0,0,0,104.84789,0,4263.137,37.04066419,401.7155492,0,0,0,0,0,0,4.11E-06,0,0,3.37E-04,0,0,0.770479959,8.913686902,67.27466575,4.081898935,18.71185738,-0.026145023,0,1854.567086,0.179977936,0,0.032200153,0.007723273,0,0,0.426470225,0
1842,2.664463699,0,0.024856862,0.010070485,0,0,0,0,0,104.84034,0,4262.7403,37.14222348,396.3395194,0,0,0,0,0,0,4.14E-06,0,0,3.41E-04,0,0,0.760202153,8.921993998,66.25514392,3.927721535,18.56782474,-0.026688925,0,1867.021139,0.183819296,0,0.033969111,0.007723273,0,0,0.434316049,0
1843,2.63257575,0,0.024856862,0.010071964,0,0,0,0,0,104.85726,0,4263.6297,37.02367444,389.0647428,0,0,0,0,0,0,4.18E-06,0,0,3.45E-04,0,0,0.749739603,8.842867474,64.76492234,3.838532899,18.20706305,-0.027232827,0,1869.887465,0.185109659,0,0.035103781,0.007723273,0,0,0.442306214,0
1844,2.671266808,0,0.024856862,0.010071225,0,0,0,0,0,104.85117,0,4263.3094,37.27373699,391.986765,0,0,0,0,0,0,4.22E-06,0,0,3.49E-04,0,0,0.755234449,8.832309023,65.10824657,3.957880948,18.1801586,-0.027776729,0,1921.962508,0.1855431,0,0.037384983,0.007723273,0,0,0.450443374,0
1845,2.704619688,0,0.024856862,0.010071225,0,0,0,0,0,104.83257,0,4262.3319,37.78117107,397.0623962,0,0,0,0,0,0,4.25E-06,0,0,3.53E-04,0,0,0.764653529,8.957669523,66.03542257,3.949490622,18.60974137,-0.028320631,0,2006.619379,0.185688705,0,0.04077813,0.007723273,0,0,0.458730235,0
1846,2.710654848,0,0.024856862,0.010071225,0,0,0,0,0,104.82423,0,4261.8933,37.88557001,395.1157195,0,0,0,0,0,0,4.29E-06,0,0,3.57E-04,0,0,0.761196201,8.948722024,65.59847237,3.942903711,18.42089999,-0.028864533,0,1999.370944,0.003535562,0,0.041678521,0.007723273,0,0,0.46716955,0
1847,2.767613076,0,0.024856862,0.010071225,0,0,0,0,0,104.82758,0,4262.0693,38.39894679,402.1653647,0,0,0,0,0,0,4.32E-06,0,0,3.61E-04,0,0,0.773953259,9.044567574,66.80612337,4.035412679,18.79584047,-0.029408436,0,2094.943419,0.059861508,0,0.045493883,0.007723273,0,0,0.475764124,0
1848,2.829368338,1.49E-05,0.024856862,0.010070485,0,0,0,0,0,104.78829,0,4260.004,39.03472515,412.7469552,0,0,0,0,0,0,4.36E-06,0,0,3.65E-04,0,0,0.793408112,9.212249656,68.769198,4.152529615,19.34739653,-0.029952338,0,2167.317963,0.140529989,0,0.046244068,0.007723273,0,0,0.484516814,0
1849,2.810892484,1.20E-04,0.024856862,0.010071964,0,0,0,0,0,104.81678,0,4261.5016,39.05969839,408.1509343,0,0,0,0,0,0,4.39E-06,0,0,3.69E-04,0,0,0.786987763,9.178751499,67.80649253,4.085671975,19.13388678,-0.030553012,0,2201.110095,0.170434577,0,0.048686235,0.007723273,0,0,0.493430528,0
1850,2.83551871,2.25E-04,0.024856862,0.010071225,0,0,0,0,0,104.93295,0,4267.6083,39.41693954,410.7101445,0,0,0,0,0,0,4.44E-06,0,0,3.74E-04,0,0,0.792467142,9.235913151,68.17189843,4.097218101,19.29731653,-0.03125688,0,2215.366316,0.180745975,0,0.052117743,0.007723273,0,0,0.502508228,0
1851,2.796875535,2.41E-04,0.024856862,0.010071225,0,0,0,0,0,104.96457,0,4269.2706,39.27259763,401.4823985,0,0,0,0,0,0,4.48E-06,0,0,3.78E-04,0,0,0.777699244,9.107649431,66.3346764,4.010295625,18.80072561,-0.031960748,0,2193.489916,0.184312799,0,0.052681414,0.007723273,0,0,0.494656367,0
1852,2.784038152,2.42E-04,0.024856862,0.010071225,0,0,0,0,0,104.98199,0,4270.1861,39.35092631,396.6877346,0,0,0,0,0,0,4.51E-06,0,0,3.83E-04,0,0,0.769923102,9.050938086,65.34259273,3.958720153,18.56285943,-0.032664616,0,2211.701513,0.17954034,0,0.055178112,0.007723273,0,0,0.550685869,0
1853,2.810749193,2.43E-04,0.024856862,0.010071225,0,0,0,0,0,104.9693,0,4269.5191,39.78707397,399.4672969,0,0,0,0,0,0,4.55E-06,0,0,3.87E-04,0,0,0.7750128,9.116543866,65.82914348,3.969199703,18.75496894,-0.033368484,0,2256.772588,0.015887254,0,0.05800945,0.007723273,0,0,0.548631086,0
1854,2.898322415,2.44E-04,0.024856862,0.010071225,0,0,0,0,0,104.9226,0,4267.0641,40.75105616,412.3359606,0,0,0,0,0,0,4.58E-06,0,0,3.90E-04,0,0,0.798515161,9.329111671,68.18407635,4.086704464,19.44744555,-0.034072352,0,2452.392223,-0.014112612,0,0.067638865,0.007723273,0,0,0.546739774,0
1855,2.887941409,2.45E-04,0.024856862,0.010070485,0,0,0,0,0,104.95064,0,4268.5385,40.7634319,406.9912426,0,0,0,0,0,0,4.62E-06,0,0,3.95E-04,0,0,0.788834908,9.225408317,67.03338706,4.07172022,19.110607,-0.03477622,0,2450.196719,0.112948595,0,0.068732762,0.007723273,0,0,0.543758287,0
1856,2.875762848,2.47E-04,0.024856862,0.010071964,0,0,0,0,0,104.92886,0,4267.3934,41.06340061,403.6940149,0,0,0,0,0,0,4.65E-06,0,0,3.98E-04,0,0,0.781377414,9.26258322,66.42873636,3.941855114,19.08745918,-0.035480088,0,2523.742018,0.122255611,0,0.073270361,0.007723273,0,0,0.549725266,0
1857,2.947006419,2.49E-04,0.024856862,0.010071225,0,0,0,0,0,104.94976,0,4268.4922,41.61158304,413.5667411,0,0,0,0,0,0,4.69E-06,0,0,4.03E-04,0,0,0.801289092,9.328246024,68.1148319,4.159963341,19.44001469,-0.036183956,0,2581.007089,-0.044823331,0,0.074126778,0.007723273,0,0,0.555060913,0
1858,2.978985237,2.51E-04,0.024856862,0.010071225,0,0,0,0,0,104.93987,0,4267.9722,41.9952681,417.9801937,0,0,0,0,0,0,4.73E-06,0,0,4.07E-04,0,0,0.81217145,9.380732437,68.85931217,4.242506178,19.64302315,-0.036887825,0,2628.110106,0.086287826,0,0.075682389,0.007723273,0,0,0.55973691,0
1859,2.975467383,2.53E-04,0.024856862,0.010071225,0,0,0,0,0,104.91443,0,4266.635,42.34473508,415.2786698,0,0,0,0,0,0,4.76E-06,0,0,4.10E-04,0,0,0.803724799,9.418773554,68.35027755,4.122639927,19.62972947,-0.037591693,0,2723.037449,0.153503429,0,0.080149534,0.007723273,0,0,0.567385369,0
1860,2.984238871,2.55E-04,0.024856862,0.010810676,0,0,0,0,0,104.89112,0,4265.4096,42.76000338,415.0429478,0,0,0,0,0,0,4.79E-06,0,0,4.14E-04,0,0,0.803266667,9.468128814,68.24982827,4.063971073,19.71553883,-0.038295561,0,2856.472573,0.176769374,0,0.087687754,0.007723273,0,0,0.57190571,0
1861,3.009871695,2.57E-04,0.024856862,0.010810691,0,0,0,0,0,104.94268,0,4268.1198,43.08189642,416.2328052,0,0,0,0,0,0,4.83E-06,0,0,4.19E-04,0,0,0.808181236,9.446420605,68.29510267,4.165517039,19.62830338,-0.038999429,0,2928.237583,0.116236223,0,0.092341032,0.007723273,0,0,0.583095346,0
1862,2.992842979,2.60E-04,0.024856862,0.010071254,0,0,0,0,0,104.93302,0,4267.612,43.37325718,413.1289794,0,0,0,0,0,0,4.87E-06,0,0,4.23E-04,0,0,0.803727136,9.497658781,67.76916176,4.049492144,19.61383017,-0.039703297,0,2939.990047,-0.623799831,0,0.094399201,0.007723273,0,0,0.522956563,0
1863,2.968715725,2.62E-04,0.024856862,0.010071254,0,0,0,0,0,104.9509,0,4268.552,43.44540543,406.2981769,0,0,0,0,0,0,4.91E-06,0,0,4.27E-04,0,0,0.795439462,9.423790069,66.32788427,3.979035311,19.26269507,-0.040407165,0,3049.964663,-0.258572909,0,0.100639126,0.007723273,0,0,0.523134297,0
1864,3.012187277,2.65E-04,0.024856862,0.010071254,0,0,0,0,0,104.94467,0,4268.2247,43.9114496,409.434012,0,0,0,0,0,0,4.94E-06,0,0,4.31E-04,0,0,0.801945603,9.431448946,66.7185498,4.094956018,19.27134406,-0.041111033,0,3198.814521,0.037999846,0,0.108250958,0.007723273,0,0,0.523481383,0
1865,3.070061554,2.68E-04,0.024856862,0.010810706,0,0,0,0,0,104.93017,0,4267.4623,44.72629792,418.6256957,0,0,0,0,0,0,4.98E-06,0,0,4.35E-04,0,0,0.820130842,9.607128487,68.43209337,4.166794747,19.85108896,-0.041814901,0,3348.037203,0.142928868,0,0.11500065,0.007723273,0,0,0.524250384,0
1866,3.06578665,2.71E-04,0.024856862,0.01081072,0,0,0,0,0,104.92398,0,4267.1368,44.95664218,415.2599177,0,0,0,0,0,0,5.01E-06,0,0,4.39E-04,0,0,0.815090744,9.586499347,67.7093505,4.144039535,19.61411759,-0.04251877,0,3403.621432,0.174410474,0,0.11869013,0.007723273,0,0,0.524386363,0
1867,3.120515401,2.74E-04,0.024856862,0.010070544,0,0,0,0,0,104.93094,0,4267.5026,45.61700117,422.405432,0,0,0,0,0,0,5.05E-06,0,0,4.43E-04,0,0,0.829696208,9.701663467,68.98027319,4.242144579,19.96494556,-0.043222638,0,3601.345838,0.184669175,0,0.12704481,0.007723273,0,0,0.522876455,0
1868,3.189526625,2.77E-04,0.024856862,0.010072023,0,0,0,0,0,104.89186,0,4265.4483,46.36366933,432.9487815,0,0,0,0,0,0,5.08E-06,0,0,4.47E-04,0,0,0.850732173,9.872346716,70.95084486,4.376138562,20.5013841,-0.043926506,0,3722.373997,0.188148666,0,0.13065888,0.007723273,0,0,0.521415398,0
1869,3.15540314,2.81E-04,0.024856862,0.010810735,0,0,0,0,0,104.93014,0,4267.4609,46.40833126,424.3471574,0,0,0,0,0,0,5.12E-06,0,0,4.51E-04,0,0,0.83783348,9.802532235,69.23296476,4.259724961,20.10142977,-0.044971756,0,3859.904269,0.189412365,0,0.138603672,0.007723273,0,0,0.519770898,0
1870,3.205461438,2.84E-04,0.024856862,0.01081075,0,0,0,0,0,104.89317,0,4265.5174,46.99664512,431.0630337,0,0,0,0,0,0,5.15E-06,0,0,4.55E-04,0,0,0.852606666,9.917193689,70.42288034,4.339642557,20.48077617,-0.046232619,0,3964.172113,0.18995084,0,0.141925299,0.007723273,0,0,0.51867186,0
1871,3.17536423,2.88E-04,0.024856862,0.010071314,0,0,0,0,0,104.92871,0,4267.3856,47.09227337,423.0255814,0,0,0,0,0,0,5.19E-06,0,0,4.59E-04,0,0,0.841708595,9.835568492,68.74373499,4.290989741,19.98332716,-0.047493482,0,4151.079503,0.190250397,0,0.151550121,0.007723273,0,0,0.538815215,0
1872,3.164940651,2.92E-04,0.024856862,0.010810765,0,0,0,0,0,104.95075,0,4268.5441,47.3755801,416.28849,0,0,0,0,0,0,5.23E-06,0,0,4.63E-04,0,0,0.831076646,9.800216065,67.24184859,4.204692144,19.6294557,-0.048754345,0,4438.078263,0.188834316,0,0.168110699,0.007723273,0,0,0.624237802,0
1873,3.239287596,2.96E-04,0.024856862,0.01081078,0,0,0,0,0,104.93223,0,4267.5705,48.35227581,427.9018551,0,0,0,0,0,0,5.26E-06,0,0,4.67E-04,0,0,0.854089497,10.02343642,69.39582803,4.343125342,20.20879887,-0.050015207,0,4699.857936,-0.015830031,0,0.178901621,0.007723273,0,0,0.635197776,0
1874,3.266246855,3.00E-04,0.024856862,0.010810794,0,0,0,0,0,104.88493,0,4265.0843,48.84676904,434.6735489,0,0,0,0,0,0,5.30E-06,0,0,4.71E-04,0,0,0.871903952,10.19968083,70.78184244,4.416728023,20.58795356,-0.05127607,0,4647.195519,0.101375665,0,0.174085496,0.007723273,0,0,0.642458922,0
1875,3.232864051,3.05E-04,0.024856862,0.010810809,0,0,0,0,0,104.93101,0,4267.5065,48.98312379,425.6649807,0,0,0,0,0,0,5.33E-06,0,0,4.75E-04,0,0,0.857377562,10.09988806,68.91528389,4.349364239,20.03121468,-0.052536933,0,4843.630071,0.118986332,0,0.183294362,0.007723273,0,0,0.650321509,0
1876,3.242565954,3.09E-04,0.024856862,0.010810824,0,0,0,0,0,104.90175,0,4265.968,49.52861612,428.2073972,0,0,0,0,0,0,5.37E-06,0,0,4.79E-04,0,0,0.863868031,10.25685436,69.5136038,4.31815727,20.28010677,-0.053797796,0,4952.720677,0.130107324,0,0.187072143,0.007723273,0,0,0.65804039,0
1877,3.28266353,3.14E-04,0.024856862,0.010810839,0,0,0,0,0,104.92824,0,4267.3608,49.98917227,432.812814,0,0,0,0,0,0,5.41E-06,0,0,4.83E-04,0,0,0.876660018,10.31068254,70.21600296,4.460699816,20.37067367,-0.0550443,0,5092.914541,0.169607247,0,0.191395435,0.007723273,0,0,0.664694086,0
1878,3.307459647,3.19E-04,0.024856862,0.010810853,0,0,0,0,0,104.92472,0,4267.1759,50.43704786,436.8087192,0,0,0,0,0,0,5.44E-06,0,0,4.87E-04,0,0,0.889611076,10.40163455,70.92882322,4.554192769,20.51288414,-0.056156827,0,5156.491346,0.184410743,0,0.193945289,0.007723273,0,0,0.671585762,0
1879,3.338311275,3.23E-04,0.024856862,0.010810868,0,0,0,0,0,104.88028,0,4264.8396,51.1482071,439.8569958,0,0,0,0,0,0,5.47E-06,0,0,4.91E-04,0,0,0.893272834,10.57264021,71.52743554,4.503086702,20.78200213,-0.057269353,0,5451.296205,0.188659304,0,0.208256879,0.007723273,0,0,0.678615294,0
1880,3.33561716,3.29E-04,0.024856862,0.010810144,0,0,0,0,0,104.88174,0,4264.9162,51.61796958,436.1311916,0,0,0,0,0,0,5.51E-06,0,0,4.95E-04,0,0,0.888763763,10.59058644,70.64118761,4.451474237,20.62983899,-0.05838188,0,5929.464448,0.15238703,0,0.235700734,0.007723273,0,0,0.684857424,0
1881,3.376039691,3.34E-04,0.024856862,0.011551088,0,0,0,0,0,104.92914,0,4267.4079,52.23660725,439.7975157,0,0,0,0,0,0,5.55E-06,0,0,4.99E-04,0,0,0.900592533,10.64240888,71.15999275,4.59586706,20.62713217,-0.059494407,0,6142.117922,0.148042519,0,0.241477251,0.007723273,0,0,0.722626203,0
1882,3.359693473,3.39E-04,0.024856862,0.011550379,0,0,0,0,0,104.92759,0,4267.3266,52.69687974,434.9632857,0,0,0,0,0,0,5.59E-06,0,0,5.04E-04,0,0,0.894085383,10.69798387,70.1890112,4.476881859,20.46132215,-0.060606933,0,6404.047565,0.187436202,0,0.2550023,0.007723273,0,0,0.674378608,0
1883,3.33403799,3.45E-04,0.024856862,0.010810957,0,0,0,0,0,104.95902,0,4268.979,52.93787358,427.1377283,0,0,0,0,0,0,5.62E-06,0,0,5.08E-04,0,0,0.885875036,10.64329265,68.49123952,4.411225135,20.01473787,-0.06171946,0,6712.974906,-0.324594054,0,0.270825756,0.007723273,0,0,0.681454028,0
1884,3.392587705,3.50E-04,0.024856862,0.010810972,0,0,0,0,0,104.93535,0,4267.7345,53.66368184,435.6078088,0,0,0,0,0,0,5.66E-06,0,0,5.12E-04,0,0,0.905680061,10.7934501,70.01502294,4.576625994,20.31488504,-0.062831987,0,6832.960295,-1.815061861,0,0.274577428,0.007723273,0,0,0.684683542,0
1885,3.398494742,3.56E-04,0.024856862,0.011550438,0,0,0,0,0,104.93798,0,4267.8727,54.21394835,437.3148202,0,0,0,0,0,0,5.69E-06,0,0,5.16E-04,0,0,0.913662451,10.92075464,70.36671542,4.564428223,20.50873261,-0.063944514,0,6888.387265,-0.642019714,0,0.277727867,0.007723273,0,0,0.690863781,0
1886,3.407438564,3.62E-04,0.024856862,0.011550467,0,0,0,0,0,104.9357,0,4267.7531,54.65213226,437.0798756,0,0,0,0,0,0,5.73E-06,0,0,5.20E-04,0,0,0.917276373,10.9812046,70.28281363,4.612066099,20.36550371,-0.06519373,0,6949.235911,-0.085245382,0,0.283176056,0.007723273,0,0,0.691934912,0
1887,3.450350632,3.68E-04,0.024856862,0.011550497,0,0,0,0,0,104.94903,0,4268.4538,55.44475283,442.3610629,0,0,0,0,0,0,5.77E-06,0,0,5.24E-04,0,0,0.930953691,11.11851395,71.20446542,4.701251412,20.62237696,-0.066541645,0,7215.477301,-0.025019475,0,0.297922396,0.007723273,0,0,0.691885463,0
1888,3.536375894,3.74E-04,0.024856862,0.011550526,0,0,0,0,0,104.91459,0,4266.6433,56.56798885,451.9200134,0,0,0,0,0,0,5.80E-06,0,0,5.28E-04,0,0,0.950806758,11.32263773,72.78193006,4.825831003,21.08518207,-0.067889559,0,7871.387847,0.135007303,0,0.328952535,0.007723273,0,0,0.691539784,0
1889,3.509075103,3.81E-04,0.024856862,0.011550556,0,0,0,0,0,104.95877,0,4268.9657,56.85606552,448.0377885,0,0,0,0,0,0,5.84E-06,0,0,5.32E-04,0,0,0.951793804,11.34413699,72.10831954,4.823253393,20.84119753,-0.069237474,0,7880.90623,0.185818909,0,0.329126852,0.007723273,0,0,0.691049208,0
1890,3.570018064,3.87E-04,0.024856862,0.011550586,0,0,0,0,0,104.9317,0,4267.5425,57.79204086,453.6140293,0,0,0,0,0,0,5.87E-06,0,0,5.36E-04,0,0,0.97079427,11.47882062,72.88962647,4.911062017,21.07244643,-0.070585389,0,8467.138417,0.070301587,0,0.35714937,0.007723273,0,0,0.68776294,0
1891,3.5388841,3.94E-04,0.024856862,0.011550615,0,0,0,0,0,104.97344,0,4269.7366,57.92525703,444.4605703,0,0,0,0,0,0,5.91E-06,0,0,5.40E-04,0,0,0.95925019,11.40433564,70.95545984,4.85292142,20.49674231,-0.071933303,0,8810.338964,-0.102313757,0,0.373841272,0.007723273,0,0,0.684411407,0
1892,3.523593266,4.01E-04,0.024856862,0.011550645,0,0,0,0,0,104.99082,0,4270.6504,58.09226092,440.1386734,0,0,0,0,0,0,5.95E-06,0,0,5.45E-04,0,0,0.9568692,11.43159823,70.06087694,4.800593348,20.24681589,-0.073281218,0,8954.549672,0.077630856,0,0.377782989,0.007723273,0,0,0.69893132,0
1893,3.537992329,4.08E-04,0.024856862,0.012290126,0,0,0,0,0,104.97994,0,4270.0783,58.5291189,443.9207086,0,0,0,0,0,0,5.99E-06,0,0,5.49E-04,0,0,0.969967021,11.59876846,70.86646612,4.820632049,20.47619467,-0.074629132,0,8899.981678,0.186415602,0,0.375247624,0.007723273,0,0,0.699713125,0
1894,3.611086723,4.15E-04,0.024856862,0.01229017,0,0,0,0,0,104.93101,0,4267.5063,59.64710716,457.0787252,0,0,0,0,0,0,6.02E-06,0,0,5.52E-04,0,0,1.00119405,11.86978211,73.37994812,5.00062669,21.12489549,-0.075977047,0,9245.435722,0.192842999,0,0.388565879,0.007723273,0,0,0.715581396,0
1895,3.630316319,4.22E-04,0.024856862,0.011550763,0,0,0,0,0,104.96751,0,4269.4251,60.11044459,454.3851251,0,0,0,0,0,0,6.06E-06,0,0,5.57E-04,0,0,0.998996012,11.86821906,72.59953757,5.035879077,20.82145719,-0.077280337,0,9730.70026,0.193091045,0,0.411875077,0.007723273,0,0,0.720945096,0
1896,3.576781766,4.30E-04,0.024856862,0.012290244,0,0,0,0,0,104.96751,0,4269.4252,60.35864557,444.5609162,0,0,0,0,0,0,6.09E-06,0,0,5.61E-04,0,0,0.986091921,11.90345407,70.90602728,4.862077723,20.46642926,-0.078562376,0,10026.98679,0.193183461,0,0.424963094,0.007723273,0,0,0.723440788,0
1897,3.669033186,4.37E-04,0.024856862,0.012290288,0,0,0,0,0,104.99693,0,4270.9718,61.32482171,456.6520746,0,0,0,0,0,0,6.13E-06,0,0,5.65E-04,0,0,1.016197985,12.06011262,73.02754195,5.160416325,20.86503287,-0.079844415,0,10514.78579,0.193224412,0,0.444298547,0.007723273,0,0,0.725878271,0
1898,3.695077032,4.45E-04,0.02485618,0.012290333,0,0,0,0,0,105.01512,0,4271.9281,61.88689585,456.8077003,0,0,0,0,0,0,6.17E-06,0,0,5.69E-04,0,0,1.023840737,12.11607271,72.91376747,5.231956468,20.78215026,-0.081126454,0,11078.31687,0.193244382,0,0.467923415,0.007723236,0,0,0.72837657,0
1899,3.756487786,4.86E-04,0.024857703,0.012290377,0,0,0,0,0,104.97653,0,4269.8993,63.07059504,462.2466411,0,0,0,0,0,0,6.20E-06,0,0,5.73E-04,0,0,1.033625346,12.35097438,73.86289469,5.227835355,21.14942561,-0.082408493,0,12016.4809,0.19325204,0,0.508861982,0.007723233,0,0,0.728556158,0
1900,3.759472761,0.002392668,0.024856437,0.028558348,0,0,0,0,0,104.98481,0,4270.3344,63.68529786,459.7127336,0,0,0,0,0,0,6.24E-06,0,0,5.77E-04,0,0,1.036054054,12.40828133,73.33226442,5.234825781,21.03047849,-0.08385969,0,12584.11862,0.193249677,0,0.53600943,0.007723268,0,0,0.73057236,0
1901,3.780779592,0.004820097,0.024857442,0.047784449,0,0,0,0,0,105.04131,0,4273.3046,64.05396654,458.3080558,0,0,0,0,0,0,6.28E-06,0,0,5.82E-04,0,0,1.039764097,12.4172493,72.99729267,5.349471043,20.76377456,-0.085797378,0,13063.66939,0.193161684,0,0.555428563,0.007723268,0,0,0.796906313,0
1902,3.774871167,0.005778122,0.024856062,0.050743008,0,0,0,0,0,105.04898,0,4273.708,64.45740341,455.7320491,0,0,0,0,0,0,6.32E-06,0,0,5.86E-04,0,0,1.040661296,12.51301205,72.57373018,5.326115675,20.6208472,-0.087735066,0,13426.53418,0.09059744,0,0.570665897,0.007723268,0,0,0.800278636,0
1903,3.795647792,0.006957613,0.024857979,0.05591998,0,0,0,0,0,105.09555,0,4276.1561,65.03807622,451.3125057,0,0,0,0,0,0,6.36E-06,0,0,5.90E-04,0,0,1.036552393,12.52243467,71.41537451,5.332217912,20.29937152,-0.089672755,0,14484.99489,-0.708727474,0,0.620366707,0.007723268,0,0,0.829571146,0
1904,3.860572684,0.009436339,0.024855289,0.068491568,0,0,0,0,0,105.07939,0,4275.3063,65.97952192,463.9852198,0,0,0,0,0,0,6.39E-06,0,0,5.94E-04,0,0,1.067807011,12.80129031,74.05890421,5.555758542,20.91240235,-0.091610443,0,14754.13947,-0.26430884,0,0.629008055,0.007723268,0,0,0.856100074,0
1905,3.925875247,0.013412831,0.024859105,0.087718467,0,0,0,0,0,105.08907,0,4275.8152,66.74268151,469.0579994,0,0,0,0,0,0,6.43E-06,0,0,5.99E-04,0,0,1.079415214,12.90914765,74.7798206,5.721544031,21.00424446,-0.093548131,0,15660.4833,0.077583125,0,0.669211011,0.007723268,0,0,0.883090418,0
1906,3.961240793,0.018196454,0.024853655,0.11138246,0,0,0,0,0,105.10645,0,4276.7286,67.41865806,467.9964916,0,0,0,0,0,0,6.47E-06,0,0,6.03E-04,0,0,1.085354702,12.99979333,74.51358807,5.784465667,20.87854323,-0.095455511,0,16596.796,0.174940429,0,0.712474673,0.007723268,0,0,0.913945895,0
1907,4.105949098,0.016966195,0.025812945,0.10398923,0,0,0,0,0,105.14627,0,4278.822,69.20386272,482.5726838,0,0,0,0,0,0,6.51E-06,0,0,6.07E-04,0,0,1.113694779,13.24329067,76.87748381,6.09860228,21.42349467,-0.09692403,0,18259.90152,0.06203162,0,0.791515059,0.007723268,0,0,0.922997028,0
1908,4.08560808,0.021404879,0.029231937,0.12765503,0,0,0,0,0,105.12414,0,4277.6586,69.40505447,485.1549833,0,0,0,0,0,0,6.54E-06,0,0,6.11E-04,0,0,1.131923358,13.42046298,77.86473307,6.176203579,21.60344181,-0.09839255,0,17554.29388,0.125774211,0,0.767308314,0.007723268,0,0,0.932378464,0
1909,4.107826965,0.036714367,0.765086,0.21121463,0,0,0,0,0,105.16533,0,4279.824,69.87995578,482.4254112,0,0,0,0,0,0,6.58E-06,0,0,6.16E-04,0,0,1.135349467,13.46346681,77.33235037,6.230210525,21.3740112,-0.099861069,0,18397.18894,0.191777551,0,0.796970496,0.007723268,0,0,0.939463987,0
1910,4.193029442,0.042342327,1.0366888,0.24301505,0,0,0,0,0,105.14442,0,4278.7248,70.94575831,493.0304154,0,0,0,0,0,0,6.62E-06,0,0,6.20E-04,0,0,1.16084644,13.71292951,79.21746497,6.419184619,21.87186143,-0.101265035,0,19243.89824,0.191590191,0,0.836554846,0.007723268,0,0,0.945592087,0
1911,4.162048228,0.047217079,0.55672031,0.27037941,0,0,0,0,0,105.20214,0,4281.7592,71.38751811,484.2018932,0,0,0,0,0,0,6.66E-06,0,0,6.24E-04,0,0,1.153200705,13.65626681,77.43858537,6.412764792,21.291224,-0.102400122,0,19397.58926,0.191399622,0,0.852280318,0.007723268,0,0,0.887403675,0
1912,4.169418498,0.055977137,1.3372385,0.31844894,0,0,0,0,0,105.23472,0,4283.4718,72.07158039,480.2456267,0,0,0,0,0,0,6.70E-06,0,0,6.29E-04,0,0,1.152011695,13.68499442,76.41918266,6.428438621,20.99892233,-0.103535208,0,20054.03548,-0.248308447,0,0.894224471,0.007723268,0,0,0.85083987,0
1913,4.260402376,0.05934571,2.7874772,0.33694139,0,0,0,0,0,105.25437,0,4284.5046,73.81963432,490.2987103,0,0,0,0,0,0,6.74E-06,0,0,6.33E-04,0,0,1.173176659,13.8862682,78.0389724,6.666989279,21.33802675,-0.104670294,0,20895.82783,-0.309431692,0,0.965185393,0.007723268,0,0,0.82034848,0
1914,4.20666628,0.064801984,4.5655912,0.36726542,0,0,0,0,0,105.19867,0,4281.5767,73.94879695,497.0698324,0,0,0,0,0,0,6.77E-06,0,0,6.36E-04,0,0,1.203398498,14.19920314,80.22710953,6.693474088,21.89015088,-0.10580538,0,19159.57921,0.020398445,0,0.878313177,0.007723268,0,0,0.809204505,0
1915,4.174408693,0.084000629,6.2098372,0.47153519,0,0,0,0,0,105.2716,0,4285.4105,74.07639913,488.1357647,0,0,0,0,0,0,6.81E-06,0,0,6.41E-04,0,0,1.196557104,14.18338584,78.67167884,6.680382478,21.35273681,-0.106940466,0,19076.99151,0.164137539,0,0.865277208,0.007723268,0,0,0.797401958,0
1916,4.224467221,0.10465075,5.9968917,0.58467971,0,0,0,0,0,105.29863,0,4286.831,75.41761862,487.3640915,0,0,0,0,0,0,6.85E-06,0,0,6.46E-04,0,0,1.198705345,14.28778715,78.43088596,6.805408383,21.21075787,-0.108075552,0,20731.44176,0.189221758,0,0.928723333,0.007723268,0,0,0.799710226,0
1917,4.330084578,0.11034348,5.1585271,0.61870744,0,0,0,0,0,105.37275,0,4290.7275,76.83336834,498.7496968,0,0,0,0,0,0,6.89E-06,0,0,6.51E-04,0,0,1.227166714,14.43855058,80.40415638,7.187882961,21.48118278,-0.109210638,0,21613.31536,0.190183188,0,0.961253396,0.007723268,0,0,0.802745574,0
1918,4.332328648,0.10461425,4.2721672,0.58914082,0,0,0,0,0,105.37311,0,4290.7462,77.09426461,502.517405,0,0,0,0,0,0,6.93E-06,0,0,6.55E-04,0,0,1.246081633,14.63640874,81.40995503,7.293416526,21.65718698,-0.110345724,0,21390.4118,0.189976312,0,0.945568118,0.007723268,0,0,0.80603585,0
1919,4.141864013,0.10155164,3.196035,0.57214502,0,0,0,0,0,105.33647,0,4288.8202,76.50279478,495.8556712,0,0,0,0,0,0,6.96E-06,0,0,6.59E-04,0,0,1.251317609,14.84186845,81.67358195,7.146808622,21.56397054,-0.111519715,0,18289.08219,0.189760102,0,0.825468178,0.007723268,0,0,0.811159148,0
1920,4.278404076,0.071874804,4.0059497,0.41169313,0,0,0,0,0,105.40157,0,4292.2427,78.715776,505.821595,0,0,0,0,0,0,7.01E-06,0,0,6.64E-04,0,0,1.267423501,14.95607563,82.64524055,7.583157468,21.65323701,-0.112788815,0,20284.51745,0.189540707,0,0.946095463,0.007723268,0,0,0.813518455,0
1921,4.103881066,0.05599481,6.3575755,0.32444592,0,0,0,0,0,105.42979,0,4293.7261,77.56363745,492.9395564,0,0,0,0,0,0,7.05E-06,0,0,6.68E-04,0,0,1.265286142,14.91531303,80.94871924,7.478122219,21.10186984,-0.114057916,0,17330.09453,0.189318112,0,0.832691263,0.007723268,0,0,0.861299333,0
1922,4.10277287,0.10093674,7.5196689,0.56921203,0,0,0,0,0,105.47367,0,4296.0327,78.99024424,489.7387415,0,0,0,0,0,0,7.09E-06,0,0,6.73E-04,0,0,1.269454141,14.96599053,80.30072817,7.639578591,20.74530894,-0.115327016,0,18134.03061,0.087704577,0,0.880533181,0.007723268,0,0,0.853369204,0
1923,4.437266546,0.13753371,8.1995609,0.77479139,0,0,0,0,0,105.54539,0,4299.8026,82.04764073,523.5491948,0,0,0,0,0,0,7.13E-06,0,0,6.78E-04,0,0,1.321680885,15.36075519,85.37297934,8.275716033,21.79031667,-0.116596117,0,19933.00909,0.120937834,0,0.986045239,0.007723268,0,0,0.86148441,0
1924,4.327698058,0.14595489,10.064032,0.82730698,0,0,0,0,0,105.55899,0,4300.5175,82.55418228,507.5173701,0,0,0,0,0,0,7.17E-06,0,0,6.82E-04,0,0,1.312577959,15.2952369,82.48177157,8.121975134,21.16819604,-0.117865217,0,19942.87985,0.188631211,0,0.992573525,0.007723268,0,0,0.867663331,0
1925,4.360716305,0.15281139,9.887985,0.86947278,0,0,0,0,0,105.60265,0,4302.8128,83.61987132,510.8418258,0,0,0,0,0,0,7.21E-06,0,0,6.87E-04,0,0,1.352595194,15.69566887,83.1841397,8.360197693,21.17946989,-0.119134318,0,20113.688,0.188395742,0,1.010079497,0.007723268,0,0,0.870847171,0
1926,4.318384372,0.16877181,10.020584,0.96266008,0,0,0,0,0,105.65209,0,4305.4116,83.86423761,507.9992033,0,0,0,0,0,0,7.25E-06,0,0,6.92E-04,0,0,1.378521727,15.97516635,82.89786072,8.465833733,21.02361214,-0.120403418,0,20645.92642,0.188157062,0,1.009818615,0.007723268,0,0,0.875288161,0
1927,4.400558111,0.19366311,13.691728,1.1076116,0,0,0,0,0,105.65063,0,4305.3352,87.05069816,520.7447628,0,0,0,0,0,0,7.29E-06,0.004945027,0,6.96E-04,0,0,1.41288882,16.24309265,85.22066021,8.955742119,21.26763407,-0.121672519,0,21848.01639,0.187915087,0,1.09562112,0.007723268,0,0,0.914815243,0
1928,4.344527819,0.2132805,16.914307,1.2252077,0.020814729,0,0,0,0,105.59392,0,4302.3537,88.34021833,519.9913137,0,0,0,0,0,0,7.32E-06,0.030139896,0,6.99E-04,0,0,1.431413133,16.42331968,85.6548143,9.076799506,21.2672359,-0.122941619,0,21958.9028,0.163268495,0,1.098835465,0.007723269,0,0,0.918261907,0
1929,4.405276885,0.20802541,19.38339,1.2037865,0.33502494,0,0,0,0,105.60372,0,4297.9849,90.81654295,530.3357244,0,0,0,0,0,0,7.35E-06,0.003329301,0,7.02E-04,0,0,1.464138733,16.6653696,87.63422562,9.468121194,21.61178704,-0.12421072,0,23456.38243,0.008459436,0,1.180493851,0.007723266,0,0,0.945536477,0
1930,4.347317284,0.17035764,20.571834,0.99750344,1.1701026,0,0,0,0,105.91829,0,4287.8382,91.38660076,536.1361478,0,0,0,0,0,0,7.36E-06,-0.026051043,0,7.03E-04,0,0,1.49178435,16.88842517,89.87818238,9.346900055,22.17288532,-0.125479822,0,21709.46409,0.179911958,0,1.086969157,0.007723273,0,0,1.022800884,0
1931,4.098736936,0.11326202,21.232329,0.6766021,1.6600329,0,0,0,0,106.6887,0,4282.6938,90.36279973,505.69835,0,0,0,0,0,0,7.38E-06,-0.003829208,0,7.06E-04,0,0,1.453097466,16.71447702,84.78220772,8.709213481,20.9586255,-0.126748923,0,19178.13469,0.186915284,0,0.980202329,0.007723259,0,0,1.033130291,0
1932,4.066121202,0.085847633,23.837144,0.51911084,1.6167368,0,0,0,0,107.41813,0,4276.7559,90.90212511,510.4576892,0,0,0.005764349,0,0,0,7.40E-06,7.43E-04,0,7.08E-04,0,0,1.467130569,16.82974643,86.23217164,8.63333457,21.29420906,-0.128018025,0,17031.38788,0.042542621,0,0.887463599,0.007723289,0,0,0.934985061,0
1933,4.05586862,0.1016274,28.120028,0.61081444,1.6336582,0,0,0,0,108.09758,0,4271.2585,92.63683116,508.2975462,0,0,0.14482802,0,0,0,7.43E-06,8.08E-04,0,7.11E-04,0,0,1.459677352,16.8587951,85.93961016,8.648553966,21.16354477,-0.129287127,0,17988.30969,0.150370915,0,0.929673971,0.007723222,0,0,0.931801343,0
1934,4.213575954,0.15202423,34.519287,0.91252255,1.6505883,0,0,0,0,108.91202,0,4272.3774,95.74215728,527.2293171,0,0,0.60639434,0,0,0,7.47E-06,8.78E-04,0,7.15E-04,0,0,1.495312745,17.03033904,89.35116805,9.161286692,21.85465916,-0.130556229,0,19839.67398,0.186131287,0,1.00727891,0.007723374,0,0,0.920029755,0
1935,4.237258634,0.22028466,40.132859,1.3303298,1.6675173,0,0,0,0,109.70014,0,4272.1486,97.72690944,527.9995465,0,0,0.97427321,0,0,0,7.50E-06,9.54E-04,0,7.19E-04,0,0,1.495027604,17.01230382,89.3773472,9.399783296,21.70585685,-0.131825331,0,21374.47252,0.185863535,0,1.057599179,0.007723023,0,0,0.918684315,0
1936,4.400697425,0.28820401,42.33712,1.7570203,1.6844464,0,0,0,0,110.56758,0,4275.9063,101.035198,547.5884739,0,0,1.0455299,0,0,0,7.55E-06,0.001037276,0,7.24E-04,0,0,1.543319358,17.34246231,92.92167545,10.01773582,22.330167,-0.133094433,0,22923.16732,0.185592518,0,1.156888609,0.007723846,0,0,0.927069389,0
1937,4.407490694,0.34372195,44.188471,2.1186454,1.7013755,0.006390022,0,0,0,111.3625,0,4275.9946,103.3965044,547.0447228,0,0,1.1131878,0,0,0,7.58E-06,0.001127477,0,7.28E-04,0,0,1.558546872,17.42430446,92.74048984,10.34842805,22.00993677,-0.134363535,0,24659.7957,0.185318258,0,1.234642259,0.00772185,0,0,0.904516492,0
1938,4.258278317,0.39883954,49.06474,2.4891541,1.7183047,0.1328808,0,0,0,112.0603,0,4271.2734,103.5784178,530.2838568,0,0,1.185033,0,0,0,7.61E-06,0.001225424,0,7.31E-04,0,0,1.570371642,17.40341643,90.27358807,9.926665833,21.37699527,-0.135632637,0,22930.09195,0.185040737,0,1.163953647,0.007728553,0,0,0.907321542,0
1939,4.393727249,0.43390074,56.683054,2.745053,1.7352338,0.68779311,0,0,0,112.8293,0,4270.1197,106.2890806,548.5319372,0,0,1.2571398,0,0,0,7.64E-06,0.001332062,0,7.35E-04,0,0,1.632188586,17.667966,93.70796152,10.46264946,22.10109569,-0.136901738,0,24488.78552,0.184759911,0,1.227190527,0.11813875,0,0,0.905880028,0
1940,4.417893874,0.50172554,67.980741,3.2190952,1.7521629,1.4928916,0,0,0,113.75015,0,4276.3916,108.3668439,544.5701559,0,0,1.3304594,0,0,0,7.69E-06,0.001448183,0,7.41E-04,0,0,1.65583242,17.61702616,92.7339372,10.85646882,21.63671014,-0.1379369,0,26974.10626,0.184475834,0,1.354939869,0.21814961,0,0,0.893463629,0
1941,4.462288414,0.64957282,81.740279,4.2240743,1.769092,2.2339929,0,0,0,114.54353,0,4282.9257,111.2366849,547.9868578,0,0,1.4028748,0,0,0,7.73E-06,0.00157415,0,7.45E-04,0,0,1.695194045,17.71644486,93.13283264,11.06875454,21.50902188,-0.138601662,0,28016.84456,0.184188586,0,1.390061119,0.1951164,0,0,0.876081403,0
1942,4.552400891,0.84353078,95.021136,5.585489,1.7860212,2.976471,0,0,0.19841173,115.26991,0,4303.7401,113.3249763,555.9254875,0,0,1.4745564,0,0,0,7.76E-06,0.001710955,0,7.48E-04,0,0,1.741445014,17.88434862,94.56708567,11.12622123,22.07111521,-0.139266423,0,28644.03709,0.183898094,0,1.394208424,0.16898031,0,0,0.897314522,0
1943,4.580083261,0.80476688,89.521615,5.4576739,1.8029502,3.7199961,0,0.056451758,4.3053247,116.04761,0,4331.4951,116.4477933,557.4343331,0,0,1.5467027,0,0,0,7.79E-06,0.001859737,0,7.52E-04,0,0,1.777414711,17.90057161,94.82472116,11.45325405,21.8618613,-0.139931185,0,29063.27395,0.183604376,0,1.441209546,0.14684461,0,0,0.892124843,0
1944,4.590364417,0.41764093,72.694302,2.9606569,1.8198794,4.4638059,0,0.97266311,16.545617,116.85265,0,4354.745,120.0113814,565.4543777,0,0,1.6191675,0,0,0,7.83E-06,0.002021507,0,7.56E-04,0,0,1.831916389,18.12593208,96.72268774,11.80457038,22.01280843,-0.140595946,0,28262.50314,0.183307382,0,1.427604827,0.11439264,0,0,0.898318952,0
1945,4.368543356,0.20111842,68.369262,1.5076942,1.8368084,5.2077233,0,3.4593405,24.846154,117.6118,0,4376.5008,119.8321843,557.5430111,0,0,1.69101,0,0,0,7.86E-06,0.002197258,0,7.60E-04,0,0,1.855441604,18.18906802,95.84780597,11.50872828,21.59410941,-0.141260708,0,24469.41076,0.183007129,0,1.205946798,0.080798572,0,0,0.898822172,0
1946,4.344965664,0.27970458,74.717234,2.0726649,1.8537378,5.9856104,0,4.9404679,24.839378,118.39896,0,4399.6117,122.7905529,549.3746572,0,0,1.7631908,0,0,0,7.89E-06,0.002388349,0,7.64E-04,0,0,1.886220995,18.32951703,94.07067703,11.51216759,21.23118272,-0.141925469,0,23880.94527,0.182703595,0,1.272905649,0.064300427,0,0,0.982947007,0
1947,4.380282603,0.34838359,84.081746,2.6369074,1.8706665,6.4443541,0,4.8390374,24.982371,119.2973,0,4428.0553,128.1527486,555.5623487,0,0,1.8372679,0,0,0,7.94E-06,0.002596315,0,7.69E-04,0,0,1.952079625,18.56270829,95.5063968,12.17495582,21.1307204,-0.142590231,0.003372839,26348.89153,0.182396816,0,1.410919098,0.046731228,0,0,1.013635265,0
1948,4.494467515,0.33316898,90.670686,2.6243892,1.8875961,6.6649072,0,4.8563661,24.987103,120.08364,0,4451.0369,132.9400872,576.4254943,0,0,1.966277,0,0,0,7.98E-06,0.003327672,0,7.73E-04,0,0,2.028147564,18.97285394,99.60629438,12.92113354,21.59938395,-0.143254992,0.023611977,27389.27301,0.182086799,0,1.491754832,0.020169381,0,0,1.021788966,0
1949,4.407582256,0.31424196,91.962416,2.5926444,1.8955033,7.1640705,0,5.561141,27.295461,120.70601,0,4466.7618,136.3099535,576.2040365,0,0,1.6426278,0,0,0,7.99E-06,0.02463759,0,7.75E-04,0,0,2.086353347,19.5023539,100.7126077,12.61610326,22.00870958,-0.143919754,0.063741035,26699.68758,0.181773502,0,1.466303616,-0.001578436,0,0,1.032229109,0
1950,4.589355875,0.32876887,78.580053,2.8441101,1.9897329,7.4706053,0,8.1460574,32.673745,121.62274,0,4499.2896,141.5390941,602.3249552,0,0,1.0661465,0,0,0,8.05E-06,0.10531435,0,7.81E-04,0,0,2.205010078,20.16467097,105.8643763,13.75332398,23.01508612,-0.144584515,0.16053368,28558.01089,0.181456963,0,1.592370169,2.43E-04,0,0,1.04543439,0
1951,4.419568175,0.33222262,70.47669,3.0430784,2.1685287,7.5542237,0,12.050138,36.815853,122.51807,0.014330518,4529.1876,144.0685378,574.3029932,0,0,1.0527789,0,0,0,8.09E-06,0.2343219,0,7.85E-04,0,0,2.235701714,20.27263222,100.8530708,13.8350965,21.23008816,-0.147107689,0.23983988,30251.93822,0.181137119,0,1.712314428,0.001166432,0,0,1.263788462,0
1952,4.456937565,0.32854487,76.508762,3.2228257,2.4120426,7.6734014,0,16.078842,40.441283,123.26435,0.21725302,4558.7052,147.5714434,587.6599959,0,0,1.4414744,0,0,0,8.10E-06,0.3628351,0,7.87E-04,0,0,2.330396648,20.95635973,104.0609063,14.19241675,21.73099885,-0.149759207,0.24565292,30918.87349,0.180814011,0,1.750039123,-0.002030065,0,0,1.291508658,0
1953,4.519260286,0.31999622,81.681224,3.3863087,2.8478934,7.7034458,0,20.201055,45.581432,124.06078,1.3575508,4600.7084,150.6152308,604.3084449,0,0,2.100408,0,0,0,8.12E-06,0.48047903,0,7.90E-04,0,0,2.43744343,21.64995563,107.7151561,14.70808049,22.27518803,-0.152410725,0.24572915,31645.60207,0.180487675,0,1.794702389,-2.28E-04,0,0,1.288662579,0
1954,4.565680473,0.29457384,86.86347,3.4048632,3.2763156,7.760213,0,25.212381,51.892411,124.75392,3.6198833,4629.2231,153.6176655,609.3120501,0,0,2.8888848,0,0,0,8.14E-06,0.59576061,0,7.91E-04,0,0,2.519228701,22.09263364,109.073471,15.02234497,22.26210368,-0.155062243,0.24580572,32457.79623,0.180158046,0,1.84247342,-0.004070821,0,0,1.342683244,0
1955,4.639923096,0.26311875,91.980019,3.3346824,3.6788015,7.6370702,0,30.727319,59.871881,125.74327,6.4848679,4666.3367,158.8891697,618.908844,0,0,3.5564777,0,0,0,8.18E-06,0.70910415,0,7.96E-04,0,0,2.605667907,22.38531099,111.3143812,16.0152675,22.14182995,-0.157713761,0.24588273,35224.51156,0.179825169,0,2.010252676,0.001049355,0,0,1.387820683,0
1956,4.857664228,0.22075982,97.008491,3.0796375,4.2759912,7.5430316,0,33.546756,66.950489,126.58168,9.1561662,4699.2729,165.8675281,649.5853923,0,0,4.5322658,0,0,0,8.21E-06,0.82044371,0,8.00E-04,0,0,2.713614608,23.00152756,118.0125141,16.89522168,23.09414206,-0.160365279,0.24595899,37693.57479,0.179489006,0,2.140699192,0.006640162,0,0,1.446283643,0
1957,5.024858483,0.18587639,102.11597,2.8571248,4.9612019,7.3765313,0,32.871446,72.204141,127.41838,11.488509,4733.2024,172.1865756,669.5769156,0,0,5.9875108,0,0,0,8.25E-06,0.92977447,0,8.03E-04,0,0,2.825616631,23.72136079,122.6769827,17.52324965,23.99602496,-0.163016797,0.24603635,38737.15663,0.179149521,0,2.214828979,0.004342369,0,0,1.477494579,0
1958,4.98434451,0.17928487,107.206,2.9954591,5.6330503,6.9087313,0,34.746284,80.925329,128.42262,14.781202,4771.3965,174.3658987,634.7151309,0,0,7.120204,0,0,0,8.29E-06,1.0371306,0,8.08E-04,0,0,2.85143254,23.87929046,115.3409958,17.24487274,22.27511964,-0.165668315,0.2461131,39539.62395,0.178806754,0,2.303777993,0.002605294,1.53E-05,1.55E-04,1.528597347,0
1959,5.059694143,0.18081021,112.29185,3.2476716,6.3880226,6.8760458,0,43.506257,93.983467,129.47587,18.063698,4808.726,180.6391779,634.903467,0,0,8.0253807,0,0,0,8.33E-06,1.1424694,0,8.12E-04,0,0,2.926537234,24.38731367,115.7415125,17.56985914,21.97203244,-0.168319833,0.30755864,41436.89334,0.178460757,0,2.414434592,8.68E-04,1.22E-04,0.001246036,1.473668289,0
1960,5.169992182,0.17259465,117.2597,3.3209398,7.3201718,7.2392631,0,56.281481,107.5417,130.53321,21.750437,4847.0424,186.2337864,637.9529598,0,0,9.5885732,0,0,0,8.37E-06,1.2458107,0,8.17E-04,0,0,3.003676624,24.73950323,117.8058561,18.33773891,21.81775752,-0.169716988,0.4304021,43898.89128,0.178111464,0,2.578646663,-8.68E-04,2.31E-04,0.002375087,1.461519532,0
1961,5.172848553,0.16861102,121.58986,3.4304351,8.4287849,7.4514735,0.001861801,70.618557,123.80387,131.26152,27.278298,4864.0212,192.5106968,675.2468908,0,0,11.884386,0,0,0,8.37E-06,1.346892,0,8.17E-04,0,0,3.307977196,25.58703505,127.7841901,18.95181452,23.15957735,-0.170424058,0.55328481,44616.78418,0.174842591,0,2.595635343,-0.002605324,2.49E-04,0.003546415,1.531158202,0
1962,5.175565722,0.17112099,125.71015,3.6249821,9.6127678,7.5805279,0.045181371,86.214551,144.89716,132.4011,32.049021,4895.6486,195.5651858,656.0532453,0,0,14.500089,0,0,0,8.41E-06,1.4460951,0,8.21E-04,0,0,3.370608725,26.11866328,123.6601753,19.53643937,22.3534371,-0.171131128,0.61483924,46021.62596,0.018878478,0,2.697580893,-0.004342521,2.53E-04,0.004920676,1.520724684,0
1963,5.357873587,0.18314033,128.88013,3.9881367,10.949721,7.9110854,0.24720738,101.83231,167.67883,132.99126,37.52532,4904.2354,206.4654825,721.4271592,0,0,17.280228,0,0,0,8.39E-06,1.5429261,0,8.19E-04,0,0,3.502540962,27.48020939,138.425119,20.71539713,24.41864939,-0.171838199,0.55366285,48045.09981,-0.715813972,0,2.85113772,-0.007869931,3.52E-04,0.005972759,1.527209311,0
1964,5.195120265,0.20130699,129.76929,4.4326257,12.657214,8.4778946,0.46848862,116.30072,189.8766,134.07707,49.914046,4933.087,209.9957406,670.6787332,0,0,20.771971,0,0,0,8.44E-06,1.6379776,0,8.24E-04,0,0,3.509713084,27.47995603,128.2852383,21.37752962,22.18634178,-0.172545269,0.49245891,50427.43258,-0.620300396,0,3.001509642,-7.60E-04,0.001030371,0.033580017,1.518253087,0
1965,5.20543304,0.2250418,129.69213,4.9089192,14.528257,9.0358315,0.58010695,130.83984,213.3919,135.19804,70.507935,4953.0596,217.5528306,693.2360856,0,0,25.0603,0,0,0,8.46E-06,1.7308461,0,8.27E-04,0,0,3.604782912,28.92287276,134.2726781,22.17064111,22.45510128,-0.173252339,0.4926084,51738.43624,-0.29272932,0,3.141671274,0.015948649,0.002140689,0.11324642,1.549410355,0
1966,5.218025127,0.26721734,129.70542,5.6248074,16.547774,9.5008952,0.77191369,147.99606,240.15802,136.46754,94.258765,4976.4474,222.2184855,694.0817844,0,0,30.477075,0,0,0,8.51E-06,1.8217969,0,8.32E-04,0,0,3.687176363,30.55435902,134.9243559,22.79086306,22.15846904,-0.173959409,0.61550021,53039.63465,0.116909652,0,3.293303245,0.069786165,0.003103097,0.20275693,1.551765281,0
1967,5.319989527,0.32052973,129.68847,6.3547572,18.918172,9.9208119,1.0373,169.42177,269.58286,137.66763,116.32544,4995.4184,227.9275408,727.5077144,0,0,36.036945,1.25E-05,0,6.90E-05,8.54E-06,1.9105949,0,8.37E-04,0,0,3.811872014,32.21209884,142.6342266,24.02804572,23.21917913,-0.174666479,0.7384486,53336.10155,-0.076337447,0,3.406319018,0.24404072,0.003754249,0.26151045,1.595865386,0
1968,5.3285609,0.40423022,129.73308,7.3324415,21.713594,10.295172,1.3673824,195.13757,299.71437,139.24379,133.08156,5029.5667,233.3257141,718.1364822,0,0.009237978,40.359034,8.80E-05,0,4.86E-04,8.63E-06,1.9976935,0,8.46E-04,0,0,3.863875156,33.53321674,141.4804803,25.09847675,22.38912184,-0.175373549,0.67731523,55688.33604,0.001120993,0,3.607918012,0.44305972,0.005543179,0.29037411,1.546993091,0
1969,5.366446526,0.5206411,129.76058,8.4831718,24.938178,10.638634,1.7120901,220.72612,327.55328,140.05867,146.61896,5026.2804,240.0033734,722.5860158,0,0.18322115,44.144508,9.37E-05,0,5.04E-04,0.009824818,2.0817369,0,8.45E-04,0.001128831,0,3.910653351,34.00894083,142.697773,25.60907967,21.60252485,-0.176080619,0.67751619,57922.5069,0.074859218,0,3.811978468,0.55613635,0.03648951,0.30862539,1.543708902,0
1970,5.509748799,0.6581692,129.69302,9.5318801,28.576904,11.00827,1.8909658,245.38621,354.60102,141.52757,173.56366,5048.3132,252.2568451,754.6837368,0,0.60795801,49.037394,2.47E-05,0,1.09E-04,0.036330653,2.1644992,0,8.52E-04,0.004225557,0,4.028094612,36.90171505,150.611735,27.20798468,22.18710087,-0.176787689,0.80047128,61682.87748,0.078910079,0,4.102737441,0.64373178,0.11813403,0.34789664,1.531929069,0
1971,5.645613224,0.82992065,129.60227,10.711494,32.729139,11.452529,2.1402118,276.44309,387.53989,143.1196,217.72405,5067.5026,253.5240096,766.7434354,0,0.8564576,55.790888,1.33E-05,0,4.26E-05,0.064586906,2.2451174,0,8.59E-04,0.00774384,0,4.149124067,37.72278075,153.5199481,27.9712104,22.50117856,-0.177492633,0.86210262,61738.12575,-0.03213341,0,4.261690013,0.78786166,0.2232129,0.40686343,1.405554242,0
1972,5.958322621,1.0559029,129.65777,12.24311,37.465523,11.97792,2.5517628,314.22879,427.68026,144.52172,267.60333,5079.1924,261.9742775,835.7702869,0,0.87667663,61.456633,1.35E-05,0,4.30E-05,0.082580189,2.3233295,0,8.64E-04,0.010359322,0,4.327077057,38.92341862,168.1826741,29.51872729,24.80668759,-0.178133664,0.86237286,63421.76177,0.049119654,0,4.45373226,1.0951867,0.31882408,0.4721474,1.326937135,0
1973,5.902548597,1.330787,129.79157,14.085332,42.979262,12.585161,2.92937,338.0693,454.71123,146.54158,301.85553,5118.3195,266.1472556,788.2088987,0,0.82240702,65.420113,1.38E-05,0,5.50E-05,0.090214925,2.4006492,0,8.77E-04,0.011968111,0,4.421114454,39.07182325,158.3139077,30.47041117,22.70363722,-0.178774696,0.92401065,66404.47744,0.155228831,0,4.70856284,1.5930673,0.39726303,0.54390644,1.318385656,0
1974,5.975276255,1.4191691,129.76026,14.311146,49.247959,13.447442,3.5184015,340.6055,453.22872,147.80664,327.35544,5113.8208,266.1692295,784.4686183,0,0.76119143,71.666995,1.40E-05,0,0.052416219,0.087063163,2.474116,0,8.78E-04,0.01237887,0,4.53814372,39.70088917,156.988384,30.31141623,22.78065059,-0.179415727,1.0394718,65562.54362,0.102790661,0,4.692483546,2.1806547,0.67241083,0.65809554,1.290549,0
1975,5.99273586,1.4004084,129.65616,14.321042,57.565811,14.538442,4.2176868,337.71465,440.16522,148.91662,384.99818,5104.4298,266.5827568,776.9046662,0,0.80304672,79.153904,1.42E-05,0,0.19213674,0.072875586,2.545125,0,8.78E-04,0.011478755,0,4.661694755,40.41361729,153.8560885,29.90131026,22.24487792,-0.180056758,1.1646458,64731.51202,-0.204969017,0,4.684139985,2.8018363,1.2682709,0.8287437,1.303204964,0
1976,6.287725182,1.5554771,129.63321,16.011714,57.24638,15.386466,4.743647,329.27602,426.10768,150.23158,475.43135,5104.2152,272.0269455,812.2642889,0,0.82394648,92.664426,1.44E-05,0,0.33759564,0.047412585,2.614347,0,8.80E-04,0.009159342,0,4.847497853,41.35661935,161.9123379,31.30405696,23.49220172,-0.18069779,1.4235416,67747.87939,0.042795931,0,4.928320915,3.4107057,1.8435573,0.98712807,1.320205358,0
1977,6.440826392,1.692355,129.63647,16.762577,55.875241,15.71703,5.1782548,306.11158,404.2283,152.04264,533.0325,5117.6518,275.7852372,823.4307393,0,0.93269902,109.06413,2.14E-06,0,0.42456315,0.022180513,3.5323931,0,8.87E-04,-0.00650539,0,4.910731519,42.03360517,164.507209,32.0606322,23.44684133,-0.181338821,2.1583469,68241.45433,0.128454013,0,5.086473606,3.8826089,2.1420878,1.0852977,1.352097971,0
1978,6.683746479,1.7691766,130.48849,16.898235,72.245349,15.529417,5.5214166,278.45958,383.9896,153.91731,529.79652,5132.0601,278.0401138,843.0067933,0,1.277913,112.78031,-6.25E-05,0,0.45249588,-0.059867027,4.661461,0,8.95E-04,-0.021383103,0,5.058247852,43.00725283,166.8022813,32.94293031,24.01553602,-0.181979852,2.8286901,68608.59854,0.150663548,0,5.246269019,4.2701212,2.1599238,1.1209157,1.2993019,0
1979,6.756769205,1.9203395,128.37989,17.898313,94.634628,14.991238,6.1020639,271.13342,394.80033,155.58904,518.50501,5138.651,283.2575258,840.6410455,0,1.7595655,113.22088,-2.04E-06,0,0.42017076,-0.17766763,5.0937882,0,9.00E-04,-0.009982571,0,5.129941118,43.87774404,167.4409806,33.60371257,24.150567,-0.182620884,2.8296177,69973.44265,0.14731143,0,5.39091666,4.6513697,2.0579417,1.1328091,1.252317648,0
1980,6.628683424,1.9633226,125.08456,17.664267,120.23426,14.760861,7.2362595,276.09356,398.43779,157.04196,513.02719,5131.8984,281.7423877,831.4891636,0,2.0330453,118.29604,7.94E-05,0,0.35605477,-0.12485274,5.1732709,0,9.02E-04,0.003125264,8.17E-05,5.159852856,44.55793445,166.0112632,33.24791649,24.07419254,-0.183261915,2.8304823,69762.64266,0.109190157,0,5.338846488,5.1129913,2.1545661,1.1562096,1.244135794,0
1981,6.508385982,1.7391266,126.52811,16.187192,128.45086,13.920115,8.6372447,271.00597,403.07178,158.51506,516.86109,5123.4643,276.0169457,816.2482699,0,1.96562,122.37567,1.71E-05,0,0.32601335,0.11779446,4.4274361,0,9.03E-04,0.038309698,6.97E-04,5.08995246,44.90316021,162.4512105,32.50372411,23.60425762,-0.183902946,2.9541119,67459.69948,0.075737275,0,5.262317745,6.0090215,2.4863888,1.1742814,1.252813549,0
1982,6.795620758,1.6205522,129.38621,15.97381,128.57689,13.885459,9.2748324,277.72577,391.79861,159.18065,532.93449,5083.3728,281.9688981,910.1409975,0,1.6573364,125.26367,-8.23E-05,0,0.33083911,0.22216908,3.5575865,0,8.94E-04,0.066661524,0.001578501,5.118365079,45.97003197,181.5280151,32.56295502,26.89416597,-0.184563462,2.9550432,66019.37859,-0.15641584,0,5.233054598,6.4693449,3.0131287,1.352411,1.258145478,0
1983,6.490542093,1.8456854,130.75989,16.384525,150.74703,15.564841,9.057039,353.29433,385.70972,160.09109,547.19948,5047.3484,274.7930544,805.0862963,0,1.3378778,129.4055,-2.71E-05,0,0.33559498,0.09748991,3.8040369,0,8.87E-04,0.024088349,0.002017846,5.13930291,45.63391249,158.4799651,31.47617404,23.01223713,-0.185305135,3.2014371,64854.19654,-0.677594526,0,5.267930421,6.0034055,3.8198142,1.378774,1.433024176,0
1984,6.695822492,1.954181,134.9934,14.927399,167.86607,17.177696,10.537606,352.61795,438.30954,162.15076,546.6524,5054.1956,279.3830259,829.0829692,0,1.2391705,137.14097,8.66E-05,0,0.48356263,0.027417786,4.8805395,0,8.93E-04,-0.04014793,0.004307161,5.235224928,46.591513,162.6641454,32.43920872,23.82791436,-0.186046808,3.570683,65601.88445,-0.228907835,0,5.438402513,6.3412338,4.7987259,1.1329507,1.461224853,0
1985,6.783412107,1.930951,138.44665,13.863624,191.20489,18.042992,12.093107,321.80334,487.46531,164.43684,559.24581,5072.7864,281.1310478,846.0922834,0,1.4290266,148.48134,2.16E-04,0,0.56320674,0.085787554,5.2553933,0,9.02E-04,-0.006224988,0.012966035,5.190072853,47.2703493,163.4767173,32.94765047,24.28437834,-0.186788481,3.6945657,65863.70684,-0.011715701,0,5.521112749,7.6862714,5.5359652,1.1864916,1.499743779,0
1986,6.920526173,2.0447892,134.66824,14.595216,226.48099,17.343175,11.156209,363.19165,561.19711,166.53505,605.54478,5079.9439,286.0667045,853.8792975,0,2.1480617,163.26271,2.16E-04,6.84E-04,0.57273931,0.044305139,5.6896951,0,9.08E-04,0.03179967,0.028102657,5.213606371,47.98085794,166.1023531,33.78695925,24.36062569,-0.187530153,3.9411958,65714.2438,-1.47E-04,0,5.62282095,8.6199267,5.6626388,1.453026,1.530113569,0
1987,7.109227344,2.1868179,140.05915,15.122737,234.71551,15.986362,11.176584,377.17492,543.59326,168.70781,636.85035,5087.8651,289.9943375,889.2996304,0.001157823,3.2631248,177.25124,5.82E-05,0.004878587,0.79616882,-0.099665792,6.5386064,0,9.14E-04,0.008323977,0.044783508,5.311368872,48.94304829,173.3120787,34.88448062,25.69788077,-0.188271826,4.3106697,66895.94362,0.062169756,0,5.803929653,9.1692428,5.2412687,1.7364871,1.515689335,0
1988,7.299290104,2.2384091,134.89421,15.295333,225.34631,14.052169,12.063592,324.40759,433.01446,171.54521,645.54402,5119.7697,293.8778807,884.1205232,0.34924766,5.2661192,185.3279,0.021115007,0.06849384,0.88192316,-0.073662439,6.6278139,0,9.28E-04,0.034690666,0.060567348,5.370832133,49.35047719,171.5760035,36.19704806,25.5488152,-0.189013499,4.6802608,67445.71644,0.110247934,0,5.992722199,10.094657,4.7030971,1.770198,1.515094775,0
1989,7.254777828,2.2075539,105.50252,15.212081,212.83728,10.119863,11.292045,246.46809,357.7641,174.22363,713.52261,5139.3872,297.7645308,861.4294957,0.72136249,10.730464,189.56819,0.31476996,0.67304705,0.82629641,0.054397397,6.6572182,0,0.006065534,0.077007399,0.076147787,5.342606278,49.80522123,168.2754132,36.74763273,24.69811543,-0.189755172,5.0499664,67242.30713,0.142615462,0,6.089949679,10.904862,4.3864096,1.6702493,1.53212989,0
1990,7.364090884,2.1076967,86.426532,14.407865,176.8456,7.0905085,10.591201,208.25652,333.97703,176.36773,658.40311,5137.248,299.6794374,871.9384074,1.5203264,17.768055,192.30881,0.96053501,1.7208698,0.69729352,0.18589003,6.6838429,0,0.02696988,0.018320285,0.091767095,5.448591048,50.19141065,172.8531937,37.03556198,25.57147171,-0.190496845,5.1743108,67170.45132,0.140795312,0,6.254759188,10.051338,4.2741531,1.7373255,1.445096887,0
1991,7.893702359,1.982897,85.142226,12.924815,120.64491,6.9542228,10.775591,159.81289,286.27307,177.30503,474.47964,5089.9323,312.6306357,1061.471447,6.9394223,22.06288,185.52075,1.727734,2.7251313,0.70613627,0.24819351,7.0572566,0,0.058141591,-0.073018715,0.10715402,5.611531727,51.98979176,214.526522,38.35286456,32.58877011,-0.190962841,5.29866,66024.68914,-0.414818578,0,6.277989249,9.6580528,4.1585749,1.6735462,1.63686011,0
1992,7.24417662,1.9500444,85.437279,11.907588,74.361852,5.3089984,10.120439,106.91739,227.43518,179.3441,361.04368,5056.1355,294.1782667,847.6876218,22.26499,24.233416,194.061,2.4767485,4.0250116,1.0018637,0.18194194,7.9102615,0,0.088755914,-0.030822369,0.12273589,5.386054376,50.16316553,168.7725863,37.37178847,24.73888331,-0.191297551,5.4230636,63438.57878,-1.683576748,0,6.240098951,10.784362,3.8127392,1.4631107,1.683057085,0
1993,7.442254421,1.9984803,84.458339,11.381334,50.567396,3.463778,8.6771649,84.3251,231.9618,179.76429,256.33383,5078.4684,294.1384481,878.8184466,34.33223,22.551362,208.33854,3.0949997,11.967198,1.5166355,0.157163,8.3534838,0,0.1188094,0.042782191,0.13825367,5.452314217,50.67911072,174.8145539,37.82757436,25.99913148,-0.19163226,5.424762,62384.75324,-0.817084404,0,6.272259946,11.612337,3.3180441,1.2514505,1.54672743,0
1994,7.873143496,2.1430557,86.05046,11.006658,37.565451,4.6095776,8.163643,85.893495,238.58315,178.03958,159.08791,5003.2837,305.963057,1000.702317,45.287421,24.423112,237.88968,3.5515518,24.558229,2.3253155,0.20390529,8.737968,0,0.14808425,0.008300334,0.15358509,5.643692937,52.37813873,202.4380253,38.56856496,30.89843887,-0.19196697,5.5491826,61109.26121,-0.081385008,0,6.319675934,11.303115,2.9604627,1.1962062,1.503716685,0
1995,7.868914614,2.3880707,80.480245,10.682998,23.473127,5.7076242,7.6747577,86.264975,210.72453,180.13151,95.783763,5016.3948,300.1134554,894.3053019,51.095458,27.59918,230.3453,3.8771223,36.211193,3.4395305,0.29614801,9.315257,0,0.17780027,0.008462221,0.16982122,5.701988586,51.61984504,178.385598,38.78515158,27.34098776,-0.192301679,5.6736625,59814.99805,0.085307721,0,6.467355199,11.011358,2.8923304,1.0842597,1.486080505,0
1996,7.665286287,2.6638414,75.256035,10.505743,13.005309,4.6522227,5.5242189,85.278741,170.78176,183.444,59.514335,5297.7083,304.1690336,860.2693115,53.568363,26.00128,224.86947,4.0579149,48.538296,4.5014521,0.39044285,9.7707047,0,0.20547879,0.11353612,0.23841137,5.794161495,51.76854394,172.7863557,38.92012515,26.28525694,-0.192636389,5.5527008,58338.45741,0.145692226,0,6.60090932,10.510994,2.8654227,0.84755661,1.470193985,0
1997,8.270650195,2.8728437,75.489912,10.417958,10.398164,3.7691062,3.4559389,86.341446,160.63531,180.149,29.550907,5288.9251,327.1986471,1147.394999,55.763481,29.370536,240.5221,4.6266327,58.758537,5.5717023,0.427562,9.7952259,4.96E-05,0.25820595,0.1113431,0.31501343,5.962910331,54.57878171,237.427193,40.48463298,35.84885568,-0.192971099,5.7834259,58647.55611,0.166902489,0,6.717222884,9.8242768,2.8566852,0.76826308,2.18331399,0
1998,8.294044765,2.9899069,72.916263,10.335348,12.992477,3.9615346,2.9318362,86.348141,156.67666,176.1082,23.412636,5175.5355,309.3154647,1023.356735,55.956781,28.471196,234.46613,6.9049469,70.049792,6.8917397,0.54029666,10.02529,3.58E-04,0.60512272,0.069150971,0.38665542,6.013688017,55.19019514,205.3242361,40.62755051,35.2276448,-0.193305808,5.6031107,57753.79385,0.171092583,0,6.760263565,10.323837,2.701239,0.76943857,1.541245282,0
1999,7.506691287,2.9607505,72.96355,10.216505,14.054175,3.9749853,3.1538842,82.703538,140.42544,168.37661,18.420173,5112.4264,302.7359882,883.1131233,58.338707,25.741051,252.31636,8.6848445,91.978363,7.9486502,0.7424207,10.07373,0.003108151,1.0699013,0.13954925,0.49435229,5.772520376,53.34641317,178.7480901,39.17859725,27.80722585,-0.193640518,5.1676463,55106.96419,0.17324185,0,6.82130944,10.262658,2.1509855,0.7706312,1.303430472,0
2000,7.127895938,2.8153943,72.651408,9.9231457,9.4043884,3.9867142,2.3476518,76.330076,122.76605,165.25876,19.471227,5074.2696,303.8996079,829.682168,56.341686,25.730152,263.60627,10.640667,99.657424,8.5987563,0.86319988,9.2978389,0.034006926,1.411492,0.2699959,0.57423278,5.636935655,53.23293302,169.1087813,39.21851722,25.19598014,-0.193975227,5.2735332,54721.49516,0.174582417,0,7.024198338,9.4801348,1.9694412,0.77151922,1.201338049,0
2001,7.173575824,3.0480682,70.656969,10.593275,5.9590471,3.2771364,1.1600545,68.271466,111.64066,165.599,19.806901,5094.2258,305.18191,825.4557072,56.368781,24.490463,261.60586,11.075295,96.243251,9.8521252,0.94275566,8.9840003,0.80619906,1.6540309,0.6107305,0.63867332,5.686579954,52.99876986,169.8466177,39.29222929,24.87048781,-0.194309937,5.3282102,55140.40947,0.170843036,0,7.095164654,8.8337936,2.3248261,0.74608572,0.961802096,0
2002,7.540708351,3.4534372,70.456674,11.982167,3.1513602,2.420559,0.95011524,63.484809,101.90454,161.14055,12.302716,5096.5932,310.6379126,912.0826907,50.843174,25.156097,270.32175,12.214474,102.73275,11.617585,1.2107813,9.7208997,2.9170651,2.8037817,1.313749,0.73327062,5.8811564,54.77104181,191.793884,39.69322739,30.5895209,-0.194644646,5.4976481,54883.59587,0.176522258,0,7.226896231,8.3685909,2.2797577,0.67660085,1.070652511,0
2003,7.617376723,3.16329,69.839024,12.579882,5.7693016,1.7336337,0.74505988,62.277955,97.844828,158.92828,10.122917,5113.7538,316.0999229,888.5636027,44.441172,25.070909,287.30923,15.640539,117.40605,13.114832,1.560512,11.005369,5.226518,4.7856897,2.2356391,0.85366012,5.965378148,55.30308836,186.5550696,40.46363671,30.86679063,-0.194979356,5.5417194,57313.29692,0.165150043,0,7.574570163,8.0831154,2.0262772,0.60195554,0.901041903,0
2004,7.796689251,2.2029533,66.998563,12.194883,9.216749,1.4729969,0.75667708,60.966802,87.654103,156.21655,9.7469995,5141.4447,323.7347218,883.5594723,49.135801,28.554887,307.57676,15.758879,125.65071,13.097501,2.0510461,12.712613,6.6512131,5.4873038,3.1186526,0.97410928,6.052639312,55.56981836,187.5264711,41.93479929,28.56621714,-0.195314066,5.6480085,59674.54233,0.171903289,0,7.939796807,7.5267646,2.1192661,0.55294607,1.038213168,0
2005,7.98337709,1.9480504,63.195607,11.060838,4.6297025,1.8139658,0.58070615,60.331179,71.956593,154.12291,7.5405195,5209.9819,328.1920535,888.5250053,53.955471,33.447493,329.52471,16.143675,126.49199,12.434284,2.365528,14.626529,7.0791974,6.3606922,3.4180583,1.0845927,6.098870592,56.35639298,189.1980652,42.88833271,28.72082978,-0.195648775,6.2799143,62533.47991,0.149807853,0,8.21069198,6.9433284,1.8947828,0.46971744,1.025657164,0
2006,7.924975811,2.045423,60.048081,10.21735,0.6450641,1.7510311,0.58710647,63.037203,65.575271,152.41471,9.3190485,5272.2746,336.6744399,917.8753116,51.911598,36.489809,346.30497,19.891066,133.41048,14.118518,2.3531588,12.639849,6.8754044,8.3862482,2.5592336,1.1852524,6.163153695,57.78176782,198.5383703,43.33647896,30.0717667,-0.195983485,6.9409178,62822.25,0.124554113,0,8.498293386,6.3118449,1.5902358,0.43579597,1.092642828,0
2007,8.079049847,1.7666158,57.257154,9.3272415,4.5089203,1.5545493,0.78280059,64.737513,61.623755,147.28895,9.6981304,5250.6823,331.7644392,865.649374,49.953532,37.109679,357.26506,26.595246,127.25708,16.399738,2.4154053,9.3262891,6.6980995,8.4029745,2.7884,1.2649376,6.291390867,58.48229274,185.7974904,44.7114445,28.63840727,-0.196318194,6.9754073,62337.93139,0.121419389,0,8.82097267,5.7707437,1.7021554,0.59162888,0.966211967,0
2008,7.851407114,1.746034,56.837697,9.0353429,8.3395339,1.9164483,0.45696793,63.060877,57.108479,144.47281,6.337645,5191.6855,332.6474416,806.7509784,54.881457,33.091627,362.72449,30.815622,138.28669,17.544095,2.6196596,8.8123411,7.076053,10.669375,2.7884,1.3164863,6.207746414,58.48585884,177.8462078,44.04811188,26.90091901,-0.196652904,6.8835341,60242.35596,0.133277034,0,8.884539562,5.5737514,1.6171325,0.63840472,0.668337987,0
2009,7.650130381,1.7995507,55.355253,9.6854874,5.7877004,1.6755174,0.3835494,60.065148,54.788238,144.24254,3.7694324,5145.2658,332.9008152,812.7790233,61.506343,32.081369,366.5558,33.926872,160.10848,21.142804,2.9666725,9.9336003,7.8522494,16.223306,2.9974,1.4335012,6.193242949,58.63357562,180.6122203,41.28614527,26.63389478,-0.196987614,7.159861,55296.29517,0.106684212,0,8.688946568,5.2570896,1.7272846,0.47723148,0.754863283,0
2010,8.061692073,1.7742176,56.090865,10.48947,4.4070317,1.4644148,0.65896445,58.86009,52.271203,142.6745,2.4614781,5179.9719,337.38264,843.9065849,65.209531,29.851794,361.74691,35.069515,165.044,20.460881,3.1827017,11.247607,8.7778712,15.914528,3.3098,1.3375544,6.395668342,60.01761975,187.6150481,41.73809326,29.24471361,-0.197322323,7.2759031,53742.38277,0.137987555,0,9.215049785,4.8975548,1.8511656,0.39655186,0.885110055,0
2011,7.687090718,1.8467555,57.565927,11.056837,4.6237938,2.0468287,0.85601742,62.415615,52.120722,140.42156,3.0036158,5252.9333,340.2590606,798.7383691,67.690592,28.645628,366.94427,43.330418,190.47655,22.158614,3.410604,12.498165,9.4654578,20.415233,3.5841,1.1291345,6.423643249,60.23707445,182.1295956,42.59955255,26.66553943,-0.197657033,7.4656928,55405.80594,0.109056913,0,9.482176986,4.3361773,2.096153,0.39105944,0.91365454,0
2012,7.886143069,1.794986,59.464919,9.6609456,5.4529267,2.0520518,0.7168607,70.235225,53.35878,136.71475,3.0096674,5232.3317,344.9510802,839.6295115,63.311547,25.468261,356.29002,45.81505,205.00564,21.423,3.2771162,12.591587,9.054248,24.0671,3.9269,0.98551995,6.496341465,62.01123733,193.9690612,42.09637773,29.72234768,-0.197991742,7.7062836,53792.3414,0.138675181,0,9.591179774,3.8379813,1.7328717,0.41594871,0.970689078,0
2013,7.564479549,1.6324652,62.512861,8.3027436,6.5167934,1.9408617,0.61330322,75.740842,54.819887,133.39273,1.8384424,5231.2321,342.4035664,786.1255896,59.817791,19.467118,342.89828,38.8888,202.01825,23.8069,2.9986006,11.604213,9.7859,21.452891,4.2254,0.87225171,6.564763523,61.77305831,183.9005478,40.90650055,26.89493177,-0.198326452,7.686158,51285.93551,0.157671543,0,9.769104134,3.5745493,0.96258078,0.44442215,0.91865757,0
2014,7.65114994,1.6517,53.5475,9.8735,2.8024,1.6696,1.114899,54.9365,28.9612,133.6791,1.2625,5358.4982,348.4058294,839.3604395,59.82,22.47,358.8813,57.1243,200.0249,25.2487,3.5393,12.991,10.1025,30.4858,4.4701,1.1516,6.722262939,62.98786016,199.471693,40.41866789,29.73385281,-0.198661162,7.8784,49068.66889,0.139778363,0,9.845105271,3.481,1.2299,0.3854,1.095764818,0
2015,7.6268252,1.57,47.5476,10.8699,0.8742,1.6696,1.6714,43.5734,14.6096,133.823,0,5404.8069,354.089334,890.9921423,59.82,22.47,358.8813,78.7906,201.9534,32.381,3.6633,14.4857,11.7285,38.5792,4.6492,1.1516,6.789065322,63.88380716,213.1009292,40.22792499,31.98869447,-0.198995871,8.02,46208.22864,0.125800527,0,9.821951647,3.2933,1.3378,0.3481,0.959883081,0
2016,7.323456111,1.5674,45.01716,10.8519602,0.78156,1.515231454,1.61422146,41.88082,12.88774,133.77542,0,5402.94348,348.6655086,792.9490809,60.8428786,21.9901556,351.625206,98.363272,214.99666,38.77266,4.06551696,12.12738,13.7053912,32.29838,4.94946782,1.1829135,6.760604444,63.91652806,194.6177847,39.55013524,28.85469707,-0.199330581,8.04314,44307.79737,0.111822691,0,9.834674476,3.07158,1.29166,0.33428,0.945799698,0
2017,7.317897148,1.5648,42.48672,10.8340204,0.68892,1.360862908,1.55704292,40.18824,11.16588,133.72784,0,5401.08006,351.173106,786.6282889,61.8657572,21.5103112,344.369112,117.935944,228.03992,45.16432,4.46773392,9.76906,15.6822824,26.01756,5.24973564,1.214227,6.856919633,64.31986206,195.3236172,39.45604803,28.90167156,-0.19966529,8.06628,42453.09692,0.097844854,0,9.998001561,2.84986,1.24552,0.32046,0.931716315,0
2018,7.23225372,1.5622,39.95628,10.8160806,0.59628,1.206494362,1.49986438,38.49566,9.44402,133.68026,0,5399.21664,354.4989136,776.7984228,62.8886358,21.0304668,337.113018,137.508616,241.08318,51.55598,4.86995088,7.41074,17.6591736,19.73674,5.55000346,1.2455405,6.9311549,64.93842751,195.1668116,39.00138366,28.81189466,-0.2,8.08942,41301.51778,0.083867018,0,10.18187387,2.62814,1.19938,0.30664,0.917632933,0
2019,7.127679957,1.5596,37.42584,10.7981408,0.50364,1.052125816,1.44268584,36.80308,7.72216,133.63268,0,5397.35322,354.5308262,764.3421922,63.9115144,20.5506224,329.856924,157.081288,254.12644,57.94764,5.27216784,5.05242,19.6360648,13.45592,5.85027128,1.276854,6.920831609,65.52328815,194.2630353,38.23305845,28.69514832,-0.200955883,8.11256,40213.91315,0.069889182,0,10.20260771,2.40642,1.15324,0.29282,0.90354955,0
2020,6.940504673,1.557,34.8954,10.780201,0.411,0.89775727,1.3855073,35.1105,6.0003,133.5851,0,5395.4898,347.521154,748.4745232,64.934393,20.070778,322.60083,176.65396,267.1697,64.3393,5.6743848,2.6941,21.612956,7.1751,6.1505391,1.3081675,6.94541842,66.30484903,190.721722,35.26582778,28.68920674,-0.201896862,8.1357,34077.70183,0.055911345,0,9.741426857,2.1847,1.1071,0.279,0.889466167,0
2021,6.990923584,1.55626,33.28538,10.775021,0.37899,0.833926213,1.342148655,33.87909,5.50149,133.57155,0,5394.95176,353.3874206,749.6548143,63.8401921,19.2265454,304.67177,181.708385,261.75265,66.04767,5.64972451,2.48112,22.1511087,6.60788,6.0258305,1.254602996,7.036276801,66.98214542,192.2704665,36.15738686,28.81625999,-0.202826926,7.66123,35136.02966,0.041933509,0,10.31449319,2.06237,1.07222,0.26903,0.879150427,0
2022,7.006268369,1.55552,31.67536,10.769841,0.34698,0.770095156,1.29879001,32.64768,5.00268,133.558,0,5394.41372,359.6517872,745.1393367,62.7459912,18.3823128,286.74271,186.76281,256.3356,67.75604,5.62506422,2.26814,22.6892614,6.04066,5.9011219,1.201038492,7.031953608,67.66056439,192.9055007,36.47610112,28.8664283,-0.203746076,7.18676,35524.85152,0.027955673,0,10.38743436,1.94004,1.03734,0.25906,0.868834687,0
2023,7.005201678,1.55478,30.06534,10.764661,0.31497,0.706264099,1.255431365,31.41627,4.50387,133.54445,0,5393.87568,361.9739928,745.9821078,61.6517903,17.5380802,268.81365,191.817235,250.91855,69.46441,5.60040393,2.05516,23.2274141,5.47344,5.7764133,1.147473988,7.072351468,68.19890743,193.3059235,36.76921402,28.7909806,-0.204654312,6.71229,35651.53451,0.013977836,0,10.55786682,1.81771,1.00246,0.24909,0.858518947,0